FINANCIALS11JUL2319250PE,18775,0,0,0,0,0,0,0,09:16:00,0,0
FINANCIALS25JUL2319400CE,45835,200,200,0,0,0,0,0,09:16:00,0,0
MAINIDX31AUG2316450PE,1325,0,0,0,0,0,0,0,09:16:00,0,0
MAINIDX31AUG2316650PE,1595,0,0,0,0,0,0,0,09:16:00,0,0
MAINIDX31AUG2317050PE,2510,0,0,0,0,0,0,0,09:16:00,0,0
MAINIDX31AUG2317250PE,9530,0,0,0,0,0,0,0,09:16:00,0,0
MAINIDX31AUG2317350PE,3529,0,0,0,0,0,0,0,09:16:00,0,0
MAINIDX31AUG2317450PE,11990,0,0,0,0,0,0,0,09:16:00,0,0
MAINIDX28DEC2314000CE,462500,0,0,0,570000,0,50,0,09:16:00,0,100
ALLBANKS31AUG2343100PE,49135,0,0,0,57185,0,225,0,09:16:00,0,1215
MAINIDX31AUG2318950PE,44300,0,0,0,74315,0,1750,0,09:16:00,0,1750
MAINIDX31AUG2319550CE,10300,0,0,0,19280,0,1750,0,09:16:00,0,1850
MAINIDX26OCT2323000CE,850,0,0,0,10200,0,1800,0,09:16:00,0,1850
ALLBANKS28SEP2339500PE,27500,0,0,0,39500,0,150,0,09:16:00,0,210
MAINIDX31AUG2318250CE,55825,0,0,0,71055,0,1750,0,09:16:00,0,2350
ALLBANKS26OCT2339000CE,470000,0,0,0,852000,0,25,0,09:16:00,0,25
MAINIDX27JUL2310000PE,110,0,0,0,180,0,1000,0,09:16:00,0,3100
FINANCIALS25JUL2319450PE,35310,0,0,0,65400,0,40,0,09:16:00,0,40
FINANCIALS25JUL2319550PE,46245,0,0,0,51829,0,40,0,09:16:00,0,40
ALLBANKS28SEP2348500CE,87165,0,0,0,44650,0,45,0,09:16:00,0,45
MAINIDX24JUN2719000CE,370125,0,0,0,695000,0,50,0,09:16:00,0,50
MAINIDX25DEC2516000CE,439450,0,0,0,682000,0,50,0,09:16:00,0,50
MAINIDX25JUN2612000CE,720000,0,0,0,992000,0,50,0,09:16:00,0,50
MAINIDX25JUN2618000CE,400000,0,0,0,632000,0,50,0,09:16:00,0,50
MAINIDX25JUN2619000CE,490835,0,0,0,584000,0,50,0,09:16:00,0,50
MAINIDX26JUN2517000CE,344000,0,0,0,564000,0,50,0,09:16:00,0,50
MAINIDX31DEC2616000CE,545025,0,0,0,790000,0,50,0,09:16:00,0,50
MAINIDX31DEC2619000CE,320000,0,0,0,643000,0,50,0,09:16:00,0,50
ALLBANKS20JUL2345300PE,139020,0,0,0,174770,0,875,0,09:16:00,0,875
ALLBANKS31AUG2342200CE,237085,0,0,0,273895,0,885,0,09:16:00,0,885
ALLBANKS31AUG2342300CE,250319,0,0,0,264900,0,885,0,09:16:00,0,885
ALLBANKS31AUG2342400CE,218985,0,0,0,255965,0,885,0,09:16:00,0,885
ALLBANKS31AUG2345500PE,163795,0,0,0,244415,0,885,0,09:16:00,0,885
ALLBANKS31AUG2345700PE,182915,0,0,0,260744,0,885,0,09:16:00,0,885
ALLBANKS31AUG2345800PE,187255,0,0,0,270000,0,885,0,09:16:00,0,885
ALLBANKS31AUG2345900PE,193225,0,0,0,278655,0,885,0,09:16:00,0,885
ALLBANKS28SEP2342000CE,396735,0,0,0,467405,0,90,0,09:16:00,0,90
ALLBANKS31AUG2345400PE,160540,0,0,0,235850,0,15,0,09:16:00,0,900
ALLBANKS31AUG2345100PE,140070,0,0,0,213240,0,15,0,09:16:00,0,915
ALLBANKS31AUG2345200PE,133705,0,0,0,221615,0,15,0,09:16:00,0,915
ALLBANKS31AUG2345300PE,142695,0,0,0,230710,0,900,0,09:16:00,0,915
ALLBANKS31AUG2342800CE,190655,0,0,0,225275,0,15,0,09:16:00,0,945
MAINIDX06JUL2317550CE,99700,0,0,101505,101980,100,200,0,09:16:00,10000,6050
ALLBANKS06JUL2346000CE,720,180500,180500,715,720,5775,1050,1418650,09:16:00,100225,42125
ALLBANKS13JUL2348000CE,700,0,0,470,780,50,25,0,09:16:00,10025,350
ALLBANKS31AUG2339500PE,6834,0,0,5895,8230,60,75,0,09:16:00,1005,120
ALLBANKS31AUG2341000PE,14100,135,135,13744,14630,15,30,100515,09:16:00,1005,180
ALLBANKS31AUG2346200PE,211935,0,0,177085,304940,885,885,0,09:16:00,1005,900
MAINIDX27JUL2318050CE,57200,0,0,61110,62590,100,100,0,09:16:00,10050,8900
FINANCIALS04JUL2318850PE,395,67280,67280,395,400,1000,2360,300960,09:16:00,100920,35240
MAINIDX13JUL2318050CE,58875,0,0,54300,57250,100,100,0,09:16:00,10100,9650
MAINIDX06JUL2319450CE,160,27700,27700,160,165,6050,1400,89900,09:16:00,101000,37100
ALLBANKS13JUL2344200PE,48900,850,850,48815,49020,25,250,13125,09:16:00,10175,6200
ALLBANKS31AUG2340900CE,338840,0,0,269300,393060,885,885,0,09:16:00,1020,900
MAINIDX13JUL2317900CE,65000,0,0,68510,71820,100,100,0,09:16:00,10200,10100
MAINIDX06JUL2319900PE,138120,0,0,130420,145435,100,100,0,09:16:00,10200,12200
ALLBANKS31AUG2345000CE,53500,435,435,52579,53785,45,15,69075,09:16:00,10200,1245
MAINIDX06JUL2317500PE,200,211800,211800,200,204,20700,37500,1447800,09:16:00,1020350,88850
ALLBANKS06JUL2345000CE,3379,271875,271875,3360,3370,400,75,1391475,09:16:00,102275,101825
ALLBANKS28DEC2340500PE,51800,0,0,40120,99995,50,25,0,09:16:00,1025,50
MAINIDX31AUG2316400PE,1365,0,0,730,2760,100,1750,0,09:16:00,10250,2150
ALLBANKS27JUL2343800CE,75500,4175,4175,75360,75930,25,50,77175,09:16:00,10275,5900
MAINIDX13JUL2317950CE,66585,0,0,62045,66455,100,100,0,09:16:00,10300,10150
MAINIDX06JUL2319600PE,106720,0,0,102955,106770,400,100,0,09:16:00,10300,13450
FINANCIALS04JUL2320350CE,130,2720,2720,125,135,120,2440,33920,09:16:00,103000,22000
ALLBANKS06JUL2343500PE,11160,552625,552625,11065,11095,125,100,1213325,09:16:00,103150,66150
FINANCIALS04JUL2318550PE,165,44600,44600,160,165,1600,760,231000,09:16:00,103240,28040
ALLBANKS31AUG2341900CE,234710,0,0,181285,305390,135,885,0,09:16:00,1035,900
MAINIDX06JUL2319850PE,122795,0,0,125265,134755,100,100,0,09:16:00,10350,12350
MAINIDX27JUL2318150CE,50010,0,0,52140,53835,150,100,0,09:16:00,10350,7900
MAINIDX27JUL2318750PE,26439,650,650,25910,26200,100,500,22350,09:16:00,10350,8600
MAINIDX06JUL2317100CE,145000,0,0,119800,158785,100,100,0,09:16:00,10350,9850
MAINIDX20JUL2317300PE,750,0,0,409,0,250,0,0,09:16:00,10400,0
MAINIDX13JUL2319200PE,63000,0,0,59290,62029,100,100,0,09:16:00,10400,10400
MAINIDX27JUL2317700CE,92000,50,50,92980,94175,100,100,110000,09:16:00,10400,5500
MAINIDX13JUL2319000PE,42500,3050,3050,42555,42780,750,200,10400,09:16:00,10400,9200
FINANCIALS04JUL2319750CE,750,255760,255760,760,765,280,2920,970640,09:16:00,104200,55640
ALLBANKS27JUL2344800CE,29680,900,900,29285,29739,50,50,54350,09:16:00,10450,8400
ALLBANKS27JUL2345100CE,21195,75,75,20680,21270,50,50,57375,09:16:00,10475,7625
ALLBANKS28SEP2347000PE,260000,0,0,207144,0,90,0,0,09:16:00,105,0
MAINIDX26DEC2418000CE,238500,0,0,234100,0,100,0,0,09:16:00,1050,0
MAINIDX31AUG2317950PE,9710,0,0,8430,8885,50,50,0,09:16:00,1050,1550
MAINIDX31AUG2318200CE,60229,0,0,25664,74800,50,800,0,09:16:00,1050,3400
MAINIDX26DEC2418500CE,210000,0,0,202340,217344,50,50,0,09:16:00,1050,50
MAINIDX27JUL2317800CE,79475,0,0,83630,84905,150,100,0,09:16:00,10500,10500
ALLBANKS13JUL2343900CE,51885,5400,5400,51360,51640,50,50,27150,09:16:00,10525,10975
ALLBANKS13JUL2344600CE,20425,1925,1925,19855,20060,75,250,20800,09:16:00,10550,15900
ALLBANKS31AUG2346000PE,210000,0,0,142905,229994,165,15,0,09:16:00,1065,30
MAINIDX31AUG2317800PE,6530,950,950,6515,6609,50,50,321750,09:16:00,10650,5750
MAINIDX06JUL2318400CE,20595,227750,227750,20560,20650,250,300,951000,09:16:00,106700,95800
MAINIDX27JUL2318950PE,42680,0,0,38540,39405,100,100,0,09:16:00,10700,10550
FINANCIALS04JUL2321000CE,85,15440,15440,85,90,11120,5600,294120,09:16:00,107160,33320
MAINIDX20JUL2318600PE,16745,50,50,16900,17125,50,100,18550,09:16:00,10750,10350
ALLBANKS27JUL2344200CE,53704,1875,1875,53625,54245,25,50,88125,09:16:00,10750,10525
MAINIDX20JUL2317500PE,1100,0,0,750,1235,50,50,0,09:16:00,10750,250
ALLBANKS06JUL2346000PE,212280,0,0,195555,197660,50,50,0,09:16:00,10750,7875
MAINIDX13JUL2319300PE,69585,0,0,69030,73405,100,100,0,09:16:00,10850,10850
MAINIDX31AUG2318500CE,42500,750,750,42220,42525,50,100,279050,09:16:00,10850,12250
MAINIDX27JUL2319850CE,600,0,0,475,1614,100,150,0,09:16:00,10850,5800
FINANCIALS04JUL2319050PE,880,250960,250960,885,900,1880,2880,392400,09:16:00,108760,38480
FINANCIALS04JUL2320200PE,74425,0,0,76520,78400,40,40,0,09:16:00,10920,10680
FINANCIALS04JUL2319050CE,32664,0,0,37545,38845,40,40,0,09:16:00,10920,5840
ALLBANKS31AUG2337000CE,700000,0,0,595075,807270,885,885,0,09:16:00,1095,885
ALLBANKS13JUL2343400PE,18685,400,400,18870,19045,250,75,22100,09:16:00,10975,3800
MAINIDX31AUG2317850PE,8130,0,0,6980,7434,50,1050,0,09:16:00,1100,1150
MAINIDX06JUL2317300CE,121355,0,0,125550,127675,4100,100,0,09:16:00,11000,12050
MAINIDX06JUL2317400CE,111290,0,0,97770,128725,100,100,0,09:16:00,11000,12300
MAINIDX13JUL2318900PE,33905,100,100,33905,34145,100,50,50850,09:16:00,11000,13800
ALLBANKS27JUL2340900PE,4600,0,0,2830,5310,25,500,0,09:16:00,11025,2275
MAINIDX31AUG2318600PE,25420,300,300,25460,25664,50,100,147800,09:16:00,11050,9050
ALLBANKS31AUG2341500CE,291250,0,0,216635,372230,210,225,0,09:16:00,1110,1125
ALLBANKS31AUG2341800CE,243500,0,0,190075,314300,210,885,0,09:16:00,1110,900
ALLBANKS31AUG2339500CE,461310,0,0,345075,539565,210,45,0,09:16:00,1110,945
ALLBANKS31AUG2342600CE,177945,0,0,123615,245200,210,900,0,09:16:00,1110,945
ALLBANKS31AUG2339000CE,535000,0,0,395230,553960,885,15,0,09:16:00,1110,960
ALLBANKS13JUL2345000CE,9935,5750,5750,9940,9970,50,300,113225,09:16:00,11100,14125
FINANCIALS04JUL2317000PE,40,2000,2000,55,70,40,4640,50600,09:16:00,111320,26000
MAINIDX27JUL2318100CE,57629,100,100,57220,57790,100,100,231250,09:16:00,11150,11300
MAINIDX27JUL2316950PE,795,100,100,630,855,50,100,22450,09:16:00,11150,4050
MAINIDX13JUL2318150CE,45300,0,0,45690,47175,100,100,0,09:16:00,11150,9250
FINANCIALS04JUL2317100PE,70,0,0,30,80,2200,1800,0,09:16:00,11200,5720
ALLBANKS31AUG2342500PE,36225,0,0,31720,32860,15,45,0,09:16:00,1125,75
ALLBANKS31AUG2342700CE,176145,0,0,116565,233390,225,15,0,09:16:00,1125,945
MAINIDX27JUL2323000CE,180,0,0,145,490,1000,150,0,09:16:00,11250,150
MAINIDX20JUL2318350PE,9000,50,50,8265,8595,100,100,5950,09:16:00,11250,7150
MAINIDX20JUL2318500PE,15619,0,0,12944,13135,50,100,0,09:16:00,11300,11750
MAINIDX06JUL2320000PE,144485,0,0,142820,143595,100,100,0,09:16:00,11300,13100
ALLBANKS27JUL2339800PE,2245,0,0,1900,3754,25,50,0,09:16:00,11325,350
MAINIDX20JUL2320150CE,400,0,0,260,890,600,400,0,09:16:00,11350,2650
MAINIDX20JUL2318250PE,7265,0,0,6140,6390,100,100,0,09:16:00,11350,6950
ALLBANKS31AUG2346300PE,220050,0,0,181635,313820,885,885,0,09:16:00,1140,900
ALLBANKS31AUG2346500PE,238240,0,0,190850,331745,885,885,0,09:16:00,1140,900
MAINIDX27JUL2320150CE,385,0,0,315,1620,50,50,0,09:16:00,11400,50
MAINIDX20JUL2317850PE,1730,0,0,1075,0,750,0,0,09:16:00,11450,0
MAINIDX28DEC2315000CE,393330,0,0,375855,453395,50,100,0,09:16:00,1150,1200
ALLBANKS31AUG2340500CE,405000,0,0,271610,439364,255,885,0,09:16:00,1155,900
ALLBANKS31AUG2342100CE,226925,0,0,167580,279655,255,885,0,09:16:00,1155,900
ALLBANKS31AUG2346600PE,239710,0,0,195495,340780,885,885,0,09:16:00,1155,900
ALLBANKS31AUG2346700PE,240580,0,0,200620,349210,15,885,0,09:16:00,1155,900
ALLBANKS31AUG2346800PE,253500,0,0,209430,359160,255,885,0,09:16:00,1155,900
ALLBANKS13JUL2343300PE,16625,1050,1050,16560,16745,250,25,9775,09:16:00,11550,4675
MAINIDX06JUL2317350CE,123000,0,0,113455,125050,100,100,0,09:16:00,11550,9850
MAINIDX20JUL2319400CE,665,0,0,509,860,250,250,0,09:16:00,11600,2050
MAINIDX26OCT2316000PE,3775,0,0,3304,3935,100,100,0,09:16:00,11600,7500
FINANCIALS04JUL2319100PE,1145,285760,285760,1150,1160,1800,280,714800,09:16:00,116240,48480
MAINIDX06JUL2317200CE,130820,0,0,129390,162045,100,100,0,09:16:00,11650,11950
ALLBANKS13JUL2344300CE,31305,2425,2425,31170,31314,250,25,36275,09:16:00,11650,14600
MAINIDX27JUL2316900PE,835,0,0,615,1945,50,50,0,09:16:00,11650,50
ALLBANKS13JUL2343600PE,24150,1850,1850,24140,24330,250,50,19600,09:16:00,11650,5625
ALLBANKS27JUL2345300CE,14355,0,0,16010,16495,50,50,0,09:16:00,11700,5425
ALLBANKS20JUL2343600CE,92910,0,0,77360,83105,200,25,0,09:16:00,1175,1700
ALLBANKS20JUL2343000CE,156620,25,25,98250,150210,50,50,1375,09:16:00,1175,1950
MAINIDX20JUL2317600PE,1400,0,0,810,0,750,0,0,09:16:00,11750,0
MAINIDX31AUG2316900PE,2030,0,0,1210,0,750,0,0,09:16:00,11750,0
MAINIDX31AUG2316700PE,1705,0,0,1060,4760,750,200,0,09:16:00,11750,200
MAINIDX31AUG2316600PE,1500,0,0,905,1600,750,50,0,09:16:00,11750,450
MAINIDX27JUL2316500CE,206500,0,0,210255,211444,100,100,0,09:16:00,11750,6750
FINANCIALS04JUL2319400PE,7555,423360,423360,7555,7580,80,880,990080,09:16:00,117640,86720
ALLBANKS13JUL2344400CE,27805,2700,2700,27075,27250,25,250,33550,09:16:00,11775,12475
MAINIDX27JUL2318650PE,20750,4350,4350,20850,21045,500,100,109850,09:16:00,11800,12050
ALLBANKS31AUG2346400PE,227455,0,0,186250,322750,885,885,0,09:16:00,1185,900
MAINIDX31AUG2318700PE,29625,1150,1150,29575,29845,100,50,67750,09:16:00,11850,10900
MAINIDX20JUL2319850CE,400,0,0,310,2120,500,1750,0,09:16:00,11850,1750
ALLBANKS27JUL2343600PE,37205,1500,1500,38105,38440,25,50,49875,09:16:00,11875,6350
ALLBANKS06JUL2344500CE,11355,425025,425025,11250,11295,425,200,1675425,09:16:00,119225,136350
FINANCIALS04JUL2319700CE,1120,535000,535000,1145,1150,40,1600,1683800,09:16:00,119320,105520
ALLBANKS27JUL2335500PE,800,0,0,325,0,9300,0,0,09:16:00,11975,0
ALLBANKS26OCT2333000PE,3800,0,0,2600,0,50,0,0,09:16:00,1200,0
MAINIDX31AUG2318350PE,19215,0,0,16770,17345,750,800,0,09:16:00,1200,1200
ALLBANKS26OCT2342000PE,58000,0,0,51570,53185,25,50,0,09:16:00,1200,125
MAINIDX31AUG2318100CE,67000,0,0,54329,83605,750,400,0,09:16:00,1200,3000
MAINIDX27JUL2320100CE,495,100,100,490,1050,50,50,9800,09:16:00,12000,3450
MAINIDX31AUG2319800CE,1830,0,0,1880,2360,100,100,0,09:16:00,12050,1450
MAINIDX20JUL2318500CE,22490,2200,2200,23100,23565,100,100,56400,09:16:00,12100,9350
ALLBANKS13JUL2343500CE,78000,1800,1800,78000,78130,200,50,28200,09:16:00,12125,11675
ALLBANKS06JUL2343900CE,36860,463825,463825,36635,36705,100,25,936550,09:16:00,122375,132175
MAINIDX13JUL2319650CE,275,0,0,185,1100,50,300,0,09:16:00,12250,2500
MAINIDX27JUL2320000PE,137500,50,50,136775,137485,100,100,484350,09:16:00,12250,9900
MAINIDX06JUL2317550PE,215,33750,33750,210,215,1300,6100,71900,09:16:00,122550,43550
MAINIDX13JUL2316700PE,340,0,0,160,340,1000,1800,0,09:16:00,12300,2700
MAINIDX13JUL2319850CE,260,0,0,160,345,1000,750,0,09:16:00,12350,2500
MAINIDX20JUL2319900CE,300,0,0,310,500,500,500,0,09:16:00,12350,500
FINANCIALS04JUL2319550CE,3825,291760,291760,3870,3890,120,40,811400,09:16:00,123840,164400
MAINIDX06JUL2319300CE,185,191000,191000,180,185,46450,1150,1790350,09:16:00,1239700,96100
MAINIDX06JUL2319500PE,100000,0,0,93040,93560,100,100,0,09:16:00,12400,17300
MAINIDX13JUL2317150PE,350,0,0,215,370,700,50,0,09:16:00,12400,750
MAINIDX20JUL2319100CE,2350,150,150,1714,2175,100,50,12850,09:16:00,12450,2800
ALLBANKS13JUL2340000PE,969,75,75,965,969,25,850,13975,09:16:00,12450,3475
FINANCIALS04JUL2318750PE,290,53200,53200,290,295,440,480,168680,09:16:00,124760,27600
ALLBANKS06JUL2343800CE,42925,394100,394100,42900,42940,50,25,791025,09:16:00,124925,90400
MAINIDX28DEC2316500CE,255000,0,0,230000,0,50,0,0,09:16:00,1250,0
MAINIDX28DEC2316000CE,303000,0,0,295320,316590,100,100,0,09:16:00,1250,1100
ALLBANKS26OCT2339000PE,18000,0,0,15169,18965,50,25,0,09:16:00,1250,175
ALLBANKS27JUL2345500CE,12705,9800,9800,12630,12710,125,50,581800,09:16:00,12525,7075
MAINIDX27JUL2316800PE,790,0,0,700,0,400,0,0,09:16:00,12550,0
ALLBANKS31AUG2343400PE,65750,0,0,51629,64190,15,255,0,09:16:00,1260,1320
MAINIDX27JUL2317250PE,1090,150,150,805,2135,50,150,32900,09:16:00,12600,5800
MAINIDX27JUL2318850CE,9180,500,500,9180,9420,800,100,147150,09:16:00,12650,13900
MAINIDX06JUL2317650CE,86755,0,0,90880,92035,100,100,0,09:16:00,12700,6500
MAINIDX13JUL2318100CE,46500,0,0,50805,51185,100,100,0,09:16:00,12700,8100
ALLBANKS06JUL2341600PE,910,50150,50150,905,910,350,275,85150,09:16:00,127225,11650
MAINIDX20JUL2319200CE,1250,300,300,1250,1370,950,100,76550,09:16:00,12750,3250
ALLBANKS13JUL2344100PE,43860,2200,2200,43820,44100,25,250,17125,09:16:00,12750,7100
ALLBANKS13JUL2341000PE,1764,150,150,1300,0,975,0,18400,09:16:00,12800,0
MAINIDX06JUL2317600CE,97200,50,50,96550,96950,100,50,94950,09:16:00,12800,16600
ALLBANKS27JUL2343500CE,95200,7575,7575,94705,95055,25,50,289375,09:16:00,12800,7550
MAINIDX06JUL2319800PE,122959,0,0,111259,123620,100,100,0,09:16:00,12850,11050
ALLBANKS27JUL2343700PE,40390,2200,2200,41480,41915,50,50,87875,09:16:00,12850,12150
ALLBANKS13JUL2343000PE,11240,10150,10150,11250,11335,250,50,65325,09:16:00,12850,12500
MAINIDX20JUL2318700CE,10700,0,0,12185,12495,100,100,0,09:16:00,12850,15600
MAINIDX13JUL2318800PE,26435,4650,4650,26205,26305,350,350,66550,09:16:00,12900,16350
MAINIDX31AUG2316800PE,1820,0,0,1160,0,750,0,0,09:16:00,12950,0
MAINIDX20JUL2318100PE,4120,300,300,3870,4035,50,100,20950,09:16:00,12950,6950
ALLBANKS06JUL2341800PE,1055,51400,51400,1045,1055,1700,800,125550,09:16:00,129600,19675
MAINIDX06JUL2318100PE,680,418700,418700,675,680,650,2150,2398550,09:16:00,129750,95100
MAINIDX31DEC2623000CE,134000,0,0,67225,0,1300,0,0,09:16:00,1300,0
MAINIDX28SEP2317000CE,173560,0,0,129720,221769,500,350,0,09:16:00,1300,1050
MAINIDX31AUG2318250PE,16044,0,0,14194,14725,50,900,0,09:16:00,1300,1800
MAINIDX26OCT2321000CE,2395,0,0,2205,2505,100,100,0,09:16:00,1300,2900
MAINIDX31AUG2319100PE,53429,0,0,51105,52795,50,50,0,09:16:00,1300,3050
MAINIDX20JUL2320000CE,400,0,0,315,770,250,400,0,09:16:00,13050,4350
MAINIDX31AUG2318500PE,21900,2950,2950,21745,21880,50,150,587000,09:16:00,13100,15950
MAINIDX31AUG2317100PE,2500,0,0,1945,2600,100,100,0,09:16:00,13100,3600
MAINIDX27JUL2317050PE,969,0,0,710,2495,100,150,0,09:16:00,13100,3650
MAINIDX31AUG2317200PE,2670,0,0,2140,2550,100,100,0,09:16:00,13100,4350
MAINIDX06JUL2317750CE,77060,0,0,81090,82090,100,100,0,09:16:00,13150,7900
MAINIDX13JUL2319050PE,44090,0,0,46650,47625,100,100,0,09:16:00,13150,9250
MAINIDX06JUL2317900PE,340,267950,267950,340,345,2350,10750,1434250,09:16:00,131700,125050
MAINIDX31AUG2317300PE,2790,150,150,2790,3055,150,100,180800,09:16:00,13200,3600
FINANCIALS04JUL2318950PE,575,122200,122200,570,580,2640,2360,331520,09:16:00,132280,20680
ALLBANKS20JUL2344600PE,77500,0,0,35975,100185,300,300,0,09:16:00,1325,750
MAINIDX27JUL2316400PE,665,0,0,509,695,9000,50,0,09:16:00,13250,600
MAINIDX27JUL2319500PE,88000,1300,1300,87485,88095,150,100,221050,09:16:00,13250,9250
FINANCIALS04JUL2320300CE,140,74760,74760,130,135,2640,2280,363560,09:16:00,132960,46480
MAINIDX06JUL2319700PE,119630,0,0,102490,117590,100,100,0,09:16:00,13300,13800
ALLBANKS06JUL2341700PE,980,27275,27275,980,985,400,350,185475,09:16:00,133450,22350
ALLBANKS31AUG2343400CE,130920,0,0,135840,141220,210,15,0,09:16:00,1335,1455
FINANCIALS04JUL2319500PE,12815,67560,67560,12875,12965,40,240,712640,09:16:00,133680,23440
ALLBANKS06JUL2341400PE,790,68675,68675,780,785,75,225,29850,09:16:00,133900,13425
MAINIDX06JUL2319300PE,79290,0,0,73125,74355,100,100,0,09:16:00,13400,18600
ALLBANKS27JUL2342300PE,14260,0,0,10965,12445,75,50,0,09:16:00,13400,6850
FINANCIALS04JUL2320800CE,105,7320,7320,95,105,3800,1800,727360,09:16:00,134320,22000
MAINIDX28DEC2317000CE,214085,0,0,210000,0,50,0,0,09:16:00,1350,0
ALLBANKS06JUL2350000CE,305,23550,23550,295,305,2800,1600,336000,09:16:00,135250,47125
MAINIDX13JUL2320050CE,195,0,0,125,0,1750,0,0,09:16:00,13550,0
ALLBANKS13JUL2350000CE,575,0,0,500,550,700,25,0,09:16:00,13575,725
ALLBANKS06JUL2336500PE,245,11225,11225,245,250,10275,9650,272975,09:16:00,136300,126425
FINANCIALS04JUL2318900PE,470,180520,180520,480,484,280,1960,564640,09:16:00,137040,43160
ALLBANKS06JUL2343000CE,107800,14500,14500,107675,108134,25,50,116100,09:16:00,137325,17050
MAINIDX20JUL2318800CE,8200,700,700,8175,8385,100,50,43550,09:16:00,13750,19300
MAINIDX31AUG2317400PE,3765,0,0,3075,3575,100,100,0,09:16:00,13750,2650
ALLBANKS31AUG2343300CE,137245,0,0,140845,148165,15,45,0,09:16:00,1380,2235
ALLBANKS06JUL2342300PE,1720,122000,122000,1705,1720,1475,350,161450,09:16:00,138100,17300
FINANCIALS04JUL2320600CE,110,5920,5920,100,110,480,1880,124720,09:16:00,138240,21800
ALLBANKS06JUL2341100PE,675,26375,26375,675,685,2575,1525,49500,09:16:00,138300,10675
MAINIDX27JUL2318000CE,66210,2100,2100,66265,66610,200,50,1324100,09:16:00,13850,12650
ALLBANKS13JUL2343700PE,27539,2700,2700,27470,27645,250,25,10450,09:16:00,13900,9750
MAINIDX20JUL2319600CE,540,50,50,380,595,50,50,8050,09:16:00,13950,2900
MAINIDX20JUL2318200PE,6115,50,50,5280,5415,100,100,0,09:16:00,13950,8900
MAINIDX06JUL2318950CE,590,531200,531200,585,590,3750,2050,1390900,09:16:00,139550,114650
ALLBANKS06JUL2344100CE,26035,617250,617250,25905,25935,75,75,1143200,09:16:00,139825,199425
ALLBANKS06JUL2342500PE,2185,170925,170925,2185,2190,25,150,1147350,09:16:00,139900,46800
ALLBANKS06JUL2342400PE,1900,67600,67600,1889,1900,200,50,139500,09:16:00,139950,18500
MAINIDX28SEP2318450CE,60154,0,0,56140,69760,500,1800,0,09:16:00,1400,1800
ALLBANKS26OCT2342000CE,280000,0,0,284625,297690,50,25,0,09:16:00,1400,225
ALLBANKS27JUL2345400CE,12855,0,0,13975,16890,50,50,0,09:16:00,14025,13025
MAINIDX06JUL2317000CE,152280,0,0,150160,192630,100,100,0,09:16:00,14050,13150
MAINIDX13JUL2317350PE,445,0,0,295,1025,750,50,0,09:16:00,14050,750
MAINIDX27JUL2319700CE,665,0,0,509,0,300,0,0,09:16:00,14150,0
MAINIDX27JUL2319800CE,590,0,0,545,660,150,150,0,09:16:00,14150,4900
ALLBANKS06JUL2341200PE,705,37950,37950,705,710,1550,175,38400,09:16:00,141650,13525
ALLBANKS06JUL2341300PE,760,51050,51050,760,765,500,675,25450,09:16:00,141725,14925
ALLBANKS13JUL2347500CE,690,150,150,690,750,325,25,34725,09:16:00,14200,3025
MAINIDX27JUL2319900CE,565,0,0,430,1680,300,100,0,09:16:00,14200,5800
FINANCIALS04JUL2318800PE,335,196880,196880,335,345,3200,3720,729480,09:16:00,142160,72040
ALLBANKS27JUL2350000CE,1300,325,325,715,1330,150,25,31875,09:16:00,14225,1575
MAINIDX13JUL2318450CE,22400,1950,1950,22195,22400,150,850,17750,09:16:00,14250,13050
MAINIDX13JUL2318700PE,19750,3900,3900,19700,19730,50,350,32700,09:16:00,14250,16800
ALLBANKS06JUL2341900PE,1140,34100,34100,1130,1140,900,1825,113700,09:16:00,142600,17575
ALLBANKS27JUL2342100PE,11890,0,0,8930,10830,975,75,0,09:16:00,14300,14525
MAINIDX06JUL2319400PE,89315,0,0,82205,84375,100,100,0,09:16:00,14300,15800
MAINIDX20JUL2317000PE,530,0,0,405,620,100,100,0,09:16:00,14300,200
FINANCIALS04JUL2319450CE,7559,393600,393600,7600,7615,2720,160,951160,09:16:00,143080,248520
ALLBANKS06JUL2342100PE,1385,54400,54400,1380,1385,25,200,93075,09:16:00,143275,19575
ALLBANKS27JUL2342600PE,18395,0,0,14855,16350,50,950,0,09:16:00,14425,12100
MAINIDX20JUL2319800CE,315,0,0,310,325,500,50,0,09:16:00,14450,2200
MAINIDX06JUL2319100PE,58300,0,0,53325,53635,250,100,0,09:16:00,144750,21700
ALLBANKS26OCT2345000CE,100600,75,75,94325,101395,50,25,14875,09:16:00,1450,325
MAINIDX27JUL2318550PE,16805,4250,4250,16685,16820,50,100,144500,09:16:00,14500,10400
MAINIDX13JUL2317550PE,800,50,50,505,795,150,150,4100,09:16:00,14500,6150
MAINIDX06JUL2319450PE,90045,0,0,87430,89570,100,100,0,09:16:00,14550,14450
MAINIDX27JUL2318150PE,6700,200,200,6534,6695,100,50,94300,09:16:00,14650,13300
ALLBANKS31AUG2347000PE,251705,0,0,218760,370830,120,135,0,09:16:00,1470,1470
ALLBANKS31AUG2344700PE,121159,0,0,106930,114400,15,15,0,09:16:00,1470,525
ALLBANKS27JUL2344400CE,44500,1100,1100,44240,44750,25,25,82325,09:16:00,14700,7750
ALLBANKS13JUL2343800PE,31060,3325,3325,31010,31225,25,25,17000,09:16:00,14725,13350
MAINIDX06JUL2317400PE,190,34100,34100,185,190,12550,21950,731000,09:16:00,147400,68500
ALLBANKS13JUL2345300PE,117865,0,0,124545,133600,25,25,0,09:16:00,1475,1450
MAINIDX20JUL2318400PE,11785,0,0,9615,9845,100,100,0,09:16:00,14750,8900
MAINIDX06JUL2317750PE,245,58000,58000,240,245,7250,350,252400,09:16:00,147700,44450
MAINIDX06JUL2318750CE,2995,550950,550950,2975,2990,100,1550,1393350,09:16:00,147850,137550
ALLBANKS06JUL2344200CE,21470,582650,582650,21465,21495,50,400,1362425,09:16:00,148325,180475
MAINIDX20JUL2318600CE,17250,1000,1000,17190,17645,150,100,35500,09:16:00,14850,16300
MAINIDX27JUL2318350PE,10690,1800,1800,10505,10675,100,200,151450,09:16:00,14850,16950
FINANCIALS04JUL2319850CE,395,152480,152480,400,405,120,2960,461360,09:16:00,149880,60440
ALLBANKS27JUL2345600CE,11000,100,100,9955,11490,75,25,20625,09:16:00,15000,2625
ALLBANKS13JUL2343900PE,34880,3575,3575,34805,34950,325,250,12800,09:16:00,15100,8875
MAINIDX27JUL2317500CE,112434,300,300,112380,113309,50,100,518650,09:16:00,15200,10250
MAINIDX20JUL2318300PE,7500,50,50,7115,7380,100,50,47300,09:16:00,15250,10600
MAINIDX13JUL2317300PE,409,0,0,320,495,600,50,0,09:16:00,15250,1300
ALLBANKS27JUL2344500CE,40465,16000,16000,40280,40515,50,50,475500,09:16:00,15250,24950
ALLBANKS13JUL2344200CE,36000,4150,4150,36000,36010,25,25,79300,09:16:00,15275,17150
ALLBANKS13JUL2344500CE,23495,9775,9775,23210,23305,50,25,94925,09:16:00,15275,21275
MAINIDX27JUL2318700PE,23240,21800,21800,23265,23380,200,100,524450,09:16:00,15300,24600
MAINIDX06JUL2317700CE,81655,0,0,86595,87065,100,100,0,09:16:00,15300,9650
ALLBANKS27JUL2341600PE,7684,0,0,6090,6665,50,50,0,09:16:00,15350,10925
MAINIDX06JUL2317800CE,76500,50,50,76625,77105,100,100,74750,09:16:00,15450,10200
MAINIDX06JUL2317850PE,305,172250,172250,300,310,9950,8450,930000,09:16:00,154800,43250
MAINIDX25DEC2518000CE,333000,0,0,290000,0,50,0,0,09:16:00,1550,0
MAINIDX27JUN2418000CE,200100,0,0,171505,200000,50,50,0,09:16:00,1550,100
FINANCIALS04JUL2319200PE,2135,465840,465840,2125,2140,600,920,680840,09:16:00,155080,50000
ALLBANKS06JUL2342200PE,1535,146100,146100,1525,1535,300,175,192100,09:16:00,155150,22925
MAINIDX13JUL2320150CE,210,0,0,135,0,1000,0,0,09:16:00,15550,0
MAINIDX06JUL2319350PE,80115,0,0,77565,79395,100,100,0,09:16:00,15550,16000
MAINIDX06JUL2318300PE,2160,882750,882750,2150,2160,100,1550,2518400,09:16:00,155600,102300
MAINIDX06JUL2317850CE,66845,0,0,71455,72945,100,100,0,09:16:00,15600,14200
MAINIDX13JUL2317450PE,550,0,0,355,885,100,50,0,09:16:00,15600,2600
ALLBANKS27JUL2344900PE,116300,0,0,103709,106659,50,50,0,09:16:00,15600,4075
ALLBANKS13JUL2344100CE,40940,6100,6100,40685,40905,50,250,39575,09:16:00,15675,17175
MAINIDX06JUL2317300PE,175,59400,59400,170,175,12250,8650,318950,09:16:00,156800,53800
MAINIDX27JUL2320000CE,465,100,100,434,470,50,300,1409450,09:16:00,15700,22350
MAINIDX20JUL2317900PE,2190,250,250,2185,2485,100,100,14050,09:16:00,15700,4700
ALLBANKS31AUG2343000PE,43300,90,90,41805,45895,15,45,89640,09:16:00,1575,735
MAINIDX06JUL2319250PE,56675,0,0,67300,69290,100,100,0,09:16:00,15850,15250
ALLBANKS06JUL2342000PE,1260,223675,223675,1260,1265,200,2425,925750,09:16:00,159575,68075
MAINIDX28SEP2318600PE,32795,0,0,29985,31060,600,600,0,09:16:00,1600,2450
MAINIDX06JUL2319650CE,140,2700,2700,140,145,1000,5550,30450,09:16:00,160300,26700
FINANCIALS04JUL2319000CE,43725,12000,12000,43190,43445,40,40,33760,09:16:00,16080,14680
MAINIDX13JUL2318300CE,33260,200,200,33405,33600,50,50,113000,09:16:00,16100,12050
MAINIDX27JUL2318450CE,30355,1450,1450,30300,30595,800,100,128350,09:16:00,16150,11800
MAINIDX06JUL2318550PE,8885,994150,994150,8865,8885,300,50,898300,09:16:00,162300,102700
ALLBANKS20JUL2342000PE,7100,25,25,5695,8220,50,50,10100,09:16:00,1625,900
ALLBANKS27JUL2345000CE,23695,10125,10125,23590,23695,50,25,726700,09:16:00,16375,15300
MAINIDX27JUL2318800PE,28800,5550,5550,28810,28995,100,50,405500,09:16:00,16400,19550
ALLBANKS27JUL2343300PE,29205,300,300,29105,29260,50,50,46425,09:16:00,16400,5850
MAINIDX25DEC2521000CE,249900,0,0,90000,0,50,0,0,09:16:00,1650,0
MAINIDX27JUN2418500CE,160100,0,0,133000,0,50,0,0,09:16:00,1650,0
MAINIDX27JUN2419000CE,120005,0,0,85000,0,50,0,0,09:16:00,1650,0
MAINIDX26OCT2317000CE,184855,0,0,185005,0,50,0,0,09:16:00,1650,0
MAINIDX31AUG2318850PE,39525,0,0,35455,38595,50,50,0,09:16:00,1650,1650
ALLBANKS31AUG2342000PE,28075,0,0,23465,26170,45,45,0,09:16:00,1650,495
ALLBANKS31AUG2340000PE,8485,240,240,7805,8495,30,45,80400,09:16:00,1650,525
ALLBANKS27JUL2341800PE,9135,0,0,7405,7820,975,50,0,09:16:00,16500,13675
MAINIDX06JUL2318200PE,1195,587750,587750,1185,1190,100,1650,2493150,09:16:00,165250,147450
MAINIDX06JUL2319550CE,150,10050,10050,145,155,6450,6250,35300,09:16:00,165350,30550
MAINIDX13JUL2319450CE,250,0,0,229,340,600,50,0,09:16:00,16550,2800
FINANCIALS04JUL2319650PE,24265,1320,1320,24195,24310,40,280,18680,09:16:00,16600,12800
MAINIDX06JUL2317100PE,145,13950,13950,145,150,8900,9850,300000,09:16:00,166800,44750
MAINIDX06JUL2318450PE,5180,493850,493850,5175,5205,400,750,827450,09:16:00,167100,87850
ALLBANKS27JUL2342200PE,12900,0,0,9715,10945,50,50,0,09:16:00,16750,8625
MAINIDX13JUL2319950CE,180,0,0,150,0,1850,0,0,09:16:00,16800,0
MAINIDX06JUL2319150PE,63415,0,0,57715,59365,100,100,0,09:16:00,16800,16400
MAINIDX13JUL2317650PE,695,0,0,455,1285,1800,50,0,09:16:00,16850,2200
ALLBANKS27JUL2349500CE,1250,0,0,1005,1285,50,50,0,09:16:00,16850,3325
ALLBANKS13JUL2343500PE,21240,5425,5425,21360,21455,250,25,48750,09:16:00,16900,15250
MAINIDX27JUL2318300CE,41445,4200,4200,41305,41595,250,200,1048550,09:16:00,16900,18500
ALLBANKS27JUL2345000PE,113000,1100,1100,112105,113100,50,125,174175,09:16:00,16900,6075
MAINIDX27JUL2318750CE,13250,4100,4100,13180,13344,100,50,138700,09:16:00,16950,14500
ALLBANKS13JUL2341500PE,1950,1025,1025,1870,2025,25,25,35300,09:16:00,16975,4900
MAINIDX28DEC2322000PE,270000,0,0,187375,381210,50,50,0,09:16:00,1700,150
MAINIDX13JUL2317400PE,405,300,300,330,434,50,50,10000,09:16:00,17000,6600
ALLBANKS27JUL2341700PE,8495,0,0,6709,7180,50,50,0,09:16:00,17025,14900
MAINIDX06JUL2319850CE,114,2050,2050,114,120,400,9100,7550,09:16:00,170300,36550
MAINIDX06JUL2319100CE,270,358500,358500,265,275,18050,30700,2601600,09:16:00,1703400,125400
ALLBANKS27JUL2345900CE,6545,0,0,7165,7809,50,75,16700,09:16:00,17200,7050
ALLBANKS20JUL2343500CE,79895,0,0,86050,89010,25,50,0,09:16:00,1725,1425
MAINIDX27JUL2318900PE,39200,0,0,35055,35590,100,100,0,09:16:00,17250,16350
FINANCIALS04JUL2319800CE,520,458320,458320,520,535,15880,6320,992880,09:16:00,172520,120520
MAINIDX06JUL2316700PE,130,3600,3600,120,125,5400,11600,152750,09:16:00,173300,75350
ALLBANKS27JUL2342500PE,14275,8975,8975,14255,14394,25,200,531975,09:16:00,17450,11875
MAINIDX13JUL2319700CE,225,0,0,180,375,1800,100,0,09:16:00,17450,3050
ALLBANKS27JUL2342800PE,21740,0,0,17550,18690,50,50,0,09:16:00,17550,15025
MAINIDX06JUL2318850CE,1330,612250,612250,1315,1330,3100,4350,1705700,09:16:00,175550,86050
FINANCIALS04JUL2320200CE,165,88920,88920,160,165,2440,2240,728160,09:16:00,176440,43320
MAINIDX31AUG2319000CE,16144,1650,1650,16155,16415,100,100,808450,09:16:00,17650,15500
MAINIDX06JUL2319200PE,68500,0,0,62304,64190,100,100,0,09:16:00,17650,15850
ALLBANKS06JUL2344200PE,37710,190925,190925,37715,37855,200,125,342900,09:16:00,176925,36100
ALLBANKS31AUG2344600PE,114584,0,0,103205,105495,15,45,5520,09:16:00,1770,810
MAINIDX13JUL2318350CE,26835,0,0,29555,29795,100,100,0,09:16:00,17700,8850
ALLBANKS27JUL2344000CE,64404,27125,27125,64275,64595,75,50,815025,09:16:00,17725,28550
ALLBANKS20JUL2337500PE,310,0,0,215,0,900,0,0,09:16:00,1775,0
ALLBANKS20JUL2339500PE,1215,0,0,215,0,900,0,0,09:16:00,1775,0
MAINIDX13JUL2317250PE,409,0,0,275,434,1800,50,0,09:16:00,17750,550
ALLBANKS27JUL2342700PE,19500,2675,2675,16465,17435,950,900,50325,09:16:00,17750,7475
FINANCIALS04JUL2317200PE,70,1840,1840,70,85,360,1800,20280,09:16:00,17760,3600
MAINIDX27JUL2318650CE,17955,6800,6800,18020,18175,450,100,186750,09:16:00,17800,18600
FINANCIALS04JUL2319550PE,16344,19360,19360,16300,16380,40,280,89120,09:16:00,17840,10680
FINANCIALS04JUL2319700PE,28585,2120,2120,28610,28714,40,40,35760,09:16:00,17840,11560
ALLBANKS27JUL2344500PE,79515,2425,2425,79455,80100,50,125,202650,09:16:00,17875,8775
ALLBANKS31AUG2345600PE,178395,0,0,116220,0,180,0,0,09:16:00,180,0
FINANCIALS18JUL2319350CE,52690,0,0,25,0,1800,0,0,09:16:00,1800,0
FINANCIALS18JUL2319350PE,27475,0,0,25,0,1800,0,0,09:16:00,1800,0
FINANCIALS18JUL2319400PE,35535,0,0,25,0,1800,0,0,09:16:00,1800,0
FINANCIALS18JUL2319700CE,23500,0,0,25,0,1800,0,0,09:16:00,1800,0
FINANCIALS25JUL2318200PE,9995,0,0,25,0,1800,0,0,09:16:00,1800,0
FINANCIALS25JUL2318600PE,14769,0,0,25,0,1800,0,0,09:16:00,1800,0
FINANCIALS25JUL2318800PE,26800,0,0,25,0,1800,0,0,09:16:00,1800,0
FINANCIALS25JUL2319300PE,15385,0,0,25,0,1800,0,0,09:16:00,1800,0
FINANCIALS25JUL2319500PE,30245,0,0,25,0,1800,0,0,09:16:00,1800,0
FINANCIALS25JUL2319700CE,47665,0,0,25,0,1800,0,0,09:16:00,1800,0
FINANCIALS25JUL2319800CE,53425,0,0,25,0,1800,0,0,09:16:00,1800,0
MAINIDX25DEC2513000PE,40000,0,0,525,0,1800,0,0,09:16:00,1800,0
MAINIDX25DEC2515000PE,20005,0,0,370,0,1800,0,0,09:16:00,1800,0
MAINIDX25DEC2516000PE,28200,0,0,570,0,1800,0,0,09:16:00,1800,0
MAINIDX25DEC2517000PE,62000,0,0,1670,0,1800,0,0,09:16:00,1800,0
MAINIDX25DEC2518000PE,82825,0,0,2025,0,1800,0,0,09:16:00,1800,0
MAINIDX25DEC2519000PE,103005,0,0,570,0,1800,0,0,09:16:00,1800,0
MAINIDX25DEC2521000PE,254994,0,0,2050,0,1800,0,0,09:16:00,1800,0
MAINIDX25JUN2613000PE,30000,0,0,370,0,1800,0,0,09:16:00,1800,0
MAINIDX25JUN2614000PE,30000,0,0,225,0,1800,0,0,09:16:00,1800,0
MAINIDX25JUN2615000PE,27730,0,0,570,0,1800,0,0,09:16:00,1800,0
MAINIDX25JUN2616000PE,31485,0,0,270,0,1800,0,0,09:16:00,1800,0
MAINIDX28DEC2313000PE,1780,0,0,715,0,1800,0,0,09:16:00,1800,0
MAINIDX27JUL2311000PE,200,0,0,50,0,1800,0,0,09:16:00,1800,0
MAINIDX27JUL2312000PE,200,0,0,65,0,1800,0,0,09:16:00,1800,0
MAINIDX27JUL2315650PE,305,0,0,5,0,1800,0,0,09:16:00,1800,0
MAINIDX27JUL2316250PE,885,0,0,310,0,1800,0,0,09:16:00,1800,0
MAINIDX28SEP2319800PE,81805,0,0,78130,0,1800,0,0,09:16:00,1800,0
MAINIDX31DEC2620000PE,150000,0,0,969,150000,1800,100,0,09:16:00,1800,100
ALLBANKS27JUL2339100PE,2145,0,0,600,3825,900,500,0,09:16:00,1800,1375
ALLBANKS27JUL2339200PE,2200,0,0,600,2645,900,75,0,09:16:00,1800,1475
ALLBANKS20JUL2349000CE,1235,75,75,520,1350,25,25,1350,09:16:00,1800,1550
ALLBANKS20JUL2346200CE,18555,0,0,515,17140,900,25,0,09:16:00,1800,1775
MAINIDX28SEP2318900PE,47595,0,0,41280,45750,900,900,0,09:16:00,1800,1800
MAINIDX28SEP2318650CE,47830,0,0,43885,72230,1800,900,0,09:16:00,1800,1850
MAINIDX28SEP2318550PE,29185,0,0,24905,29550,900,650,0,09:16:00,1800,2450
MAINIDX28SEP2318400PE,26400,0,0,23665,24580,100,750,0,09:16:00,1800,2650
FINANCIALS25JUL2318400PE,4400,0,0,25,14900,1800,40,0,09:16:00,1800,40
MAINIDX28SEP2318200CE,74000,0,0,35040,89345,1800,50,0,09:16:00,1800,4250
MAINIDX31DEC2623000PE,280490,0,0,11100,350000,1800,50,0,09:16:00,1800,50
ALLBANKS20JUL2343200PE,51865,0,0,2014,32450,900,875,0,09:16:00,1800,875
MAINIDX27JUL2322000CE,235,50,50,175,360,50,50,212150,09:16:00,18000,3900
MAINIDX06JUL2318400PE,3885,852200,852200,3870,3885,400,350,2952700,09:16:00,180050,224850
ALLBANKS27JUL2339500PE,2510,100,100,1750,2505,50,50,226800,09:16:00,18050,3625
ALLBANKS06JUL2341000PE,650,160900,160900,645,650,4125,925,568675,09:16:00,180900,33000
MAINIDX13JUL2320000CE,285,50,50,200,270,100,50,14250,09:16:00,18100,4900
ALLBANKS06JUL2344000PE,27389,1205250,1205250,27275,27380,350,50,2341475,09:16:00,181400,100725
MAINIDX27JUL2318050PE,5090,600,600,5090,5250,50,100,102500,09:16:00,18150,11250
ALLBANKS27JUL2339600PE,2200,0,0,2200,2770,25,25,0,09:16:00,1825,525
ALLBANKS31AUG2337500PE,3100,0,0,2200,0,30,0,0,09:16:00,1830,0
MAINIDX13JUL2318200CE,41595,400,400,41905,42095,100,50,26350,09:16:00,18300,10850
ALLBANKS27JUL2343500PE,34900,11475,11475,34885,35040,50,25,969950,09:16:00,18350,11150
MAINIDX13JUL2317750PE,705,600,600,705,760,50,100,8150,09:16:00,18350,9800
FINANCIALS25JUL2318500PE,6675,0,0,5800,6675,40,40,0,09:16:00,1840,40
FINANCIALS25JUL2319600CE,22000,0,0,60,40080,40,40,0,09:16:00,1840,80
ALLBANKS31AUG2342000CE,232000,0,0,240150,252144,45,45,0,09:16:00,1845,1890
ALLBANKS28SEP2344500PE,124000,0,0,114840,121570,15,45,0,09:16:00,1845,585
MAINIDX06JUL2316800PE,125,15500,15500,114,125,12800,12250,127000,09:16:00,184650,47350
MAINIDX25DEC2516500PE,43210,0,0,40000,0,50,0,0,09:16:00,1850,0
MAINIDX25DEC2522000CE,136000,0,0,50000,0,50,0,0,09:16:00,1850,0
MAINIDX25DEC2523000CE,117000,0,0,20000,0,50,0,0,09:16:00,1850,0
MAINIDX26JUN2514000PE,64500,0,0,570,0,1800,0,0,09:16:00,1850,0
MAINIDX26JUN2515000PE,24880,0,0,370,0,1800,0,0,09:16:00,1850,0
MAINIDX26JUN2516000PE,28205,0,0,1060,0,50,0,0,09:16:00,1850,0
MAINIDX30DEC2720000PE,154000,0,0,125555,0,50,0,0,09:16:00,1850,0
MAINIDX28DEC2317500CE,174100,0,0,175115,215980,100,500,0,09:16:00,1850,1250
MAINIDX20JUL2318050PE,14040,0,0,30,8080,50,1750,0,09:16:00,1850,1800
MAINIDX20JUL2319150CE,6770,0,0,30,4845,50,50,0,09:16:00,1850,2400
MAINIDX31AUG2317650PE,5845,0,0,2515,6975,50,50,0,09:16:00,1850,50
ALLBANKS28SEP2338000PE,8310,0,0,6500,0,45,0,0,09:16:00,1860,0
ALLBANKS28SEP2343800PE,106020,0,0,75230,96390,450,450,0,09:16:00,1860,960
ALLBANKS27JUL2339000PE,2200,0,0,1470,2100,50,175,0,09:16:00,18700,7450
MAINIDX13JUL2319900CE,254,0,0,160,295,2400,100,0,09:16:00,18750,100
ALLBANKS27JUL2343000PE,21955,5700,5700,21935,22125,25,25,1443675,09:16:00,18825,8775
ALLBANKS27JUL2351000CE,910,0,0,1055,1195,50,50,0,09:16:00,18875,8575
MAINIDX06JUL2318000CE,57000,34600,34600,56979,57125,50,100,254550,09:16:00,188900,17950
ALLBANKS27JUL2342000PE,9325,7175,7175,9270,9330,25,125,637575,09:16:00,18925,11025
MAINIDX13JUL2319550CE,295,0,0,285,925,100,50,0,09:16:00,18950,4150
MAINIDX25JUN2612000PE,36600,0,0,1800,0,100,0,0,09:16:00,1900,0
MAINIDX28DEC2321000PE,190000,0,0,168500,0,100,0,0,09:16:00,1900,0
MAINIDX31AUG2317750CE,87135,0,0,71025,116480,100,1750,0,09:16:00,1900,2300
MAINIDX31DEC2617000PE,74500,0,0,48100,74900,50,50,0,09:16:00,1900,250
FINANCIALS04JUL2317600PE,65,0,0,40,80,1000,880,0,09:16:00,19040,4320
FINANCIALS04JUL2320400CE,125,27360,27360,120,125,1080,760,914080,09:16:00,190400,53440
ALLBANKS31AUG2344200PE,98500,0,0,83405,85365,15,45,0,09:16:00,1905,1350
ALLBANKS31AUG2342500CE,191215,0,0,197005,210685,15,60,0,09:16:00,1905,1890
MAINIDX27JUL2318450PE,13305,2400,2400,13250,13444,500,100,113000,09:16:00,19150,16450
FINANCIALS04JUL2319100CE,33920,4320,4320,33665,33895,40,80,28920,09:16:00,19160,13240
ALLBANKS31AUG2343700PE,71540,0,0,61754,66925,15,15,0,09:16:00,1920,945
MAINIDX27JUL2321000CE,285,50,50,240,0,600,0,296000,09:16:00,19250,0
MAINIDX13JUL2317100PE,355,50,50,280,350,250,50,8250,09:16:00,19250,2000
ALLBANKS13JUL2345500CE,4054,9950,9950,4015,4040,50,25,64250,09:16:00,19250,7875
ALLBANKS13JUL2342000PE,3400,8700,8700,3325,3360,125,25,76600,09:16:00,19275,7150
MAINIDX27JUL2316600PE,745,0,0,530,0,9200,0,0,09:16:00,19400,0
MAINIDX27JUL2318250PE,8290,2250,2250,8290,8430,150,50,195100,09:16:00,19450,11250
ALLBANKS27JUL2339900PE,3040,0,0,1814,3850,50,50,0,09:16:00,19450,2650
MAINIDX24JUN2719000PE,120000,0,0,102105,0,100,0,0,09:16:00,1950,0
MAINIDX28DEC2323000CE,6415,0,0,2000,7030,1500,100,0,09:16:00,1950,1700
MAINIDX31DEC2618000PE,91000,50,50,85005,94495,50,200,6050,09:16:00,1950,450
ALLBANKS27JUL2338000PE,1470,0,0,1225,1580,50,50,0,09:16:00,19625,300
ALLBANKS27JUL2342400PE,15225,0,0,11790,13540,975,950,0,09:16:00,19625,8150
ALLBANKS06JUL2341500PE,855,160150,160150,855,865,2250,4125,728175,09:16:00,196725,36000
MAINIDX20JUL2319500CE,700,1800,1800,595,630,100,1900,10750,09:16:00,19700,9950
MAINIDX13JUL2319800CE,275,0,0,210,350,600,100,0,09:16:00,19750,4800
ALLBANKS31AUG2344400CE,74485,0,0,78305,80055,45,45,0,09:16:00,1980,1005
ALLBANKS31AUG2343600PE,67830,0,0,58265,63160,15,15,0,09:16:00,1995,990
MAINIDX06JUL2319200CE,204,442850,442850,204,210,51150,22250,1934850,09:16:00,1999950,194050
FINANCIALS18JUL2319200PE,17475,0,0,500,0,200,0,0,09:16:00,2000,0
MAINIDX31AUG2317750PE,6900,0,0,4260,0,50,0,0,09:16:00,2000,0
MAINIDX27JUN2420000CE,32000,0,0,32000,0,100,0,0,09:16:00,2000,0
ALLBANKS20JUL2345000PE,96060,0,0,86060,140465,300,300,0,09:16:00,2000,1950
MAINIDX13JUL2319150CE,705,100,100,675,745,50,50,21850,09:16:00,20000,11000
MAINIDX20JUL2318000PE,2835,200,200,2885,2995,50,100,54800,09:16:00,20000,8900
ALLBANKS27JUL2338500PE,1645,200,200,1440,2050,50,100,20900,09:16:00,20050,1550
ALLBANKS06JUL2346900CE,525,7125,7125,515,525,425,25,7600,09:16:00,20050,17625
MAINIDX27JUL2318550CE,23855,6350,6350,23805,23990,50,100,154000,09:16:00,20050,20500
ALLBANKS27JUL2342900PE,20345,150,150,19910,20975,50,900,34875,09:16:00,20125,4150
MAINIDX06JUL2319750CE,145,650,650,100,145,25000,550,15550,09:16:00,201700,8300
ALLBANKS13JUL2341800PE,42445,0,0,1500,6340,25,25,0,09:16:00,2025,1400
ALLBANKS31AUG2344800CE,56510,0,0,58045,64495,45,60,0,09:16:00,2025,975
ALLBANKS27JUL2347000CE,2495,1725,1725,2360,2500,25,2775,259550,09:16:00,20375,10475
ALLBANKS13JUL2344000CE,46020,19625,19625,45775,45940,25,75,205875,09:16:00,20375,24325
ALLBANKS27JUL2341400PE,6405,0,0,5255,6300,50,50,14975,09:16:00,20400,11950
ALLBANKS27JUL2346200CE,4460,0,0,4990,6215,50,50,0,09:16:00,20475,10050
MAINIDX28DEC2311000PE,625,0,0,305,0,200,0,0,09:16:00,2050,0
ALLBANKS13JUL2346100CE,11720,0,0,610,10320,250,1975,0,09:16:00,2050,2850
ALLBANKS31AUG2343900PE,79700,0,0,71140,72890,45,45,0,09:16:00,2055,825
MAINIDX13JUL2316850PE,245,0,0,200,0,1800,0,0,09:16:00,20550,0
MAINIDX27JUL23XX,1861855,109850,109850,1861880,1862200,200,100,8833800,09:16:00,206400,232450
ALLBANKS31AUG2345000PE,138000,0,0,126515,129965,45,15,0,09:16:00,2070,2250
ALLBANKS28SEP2341000PE,28100,0,0,23010,28214,45,15,0,09:16:00,2070,660
ALLBANKS13JUL2345800CE,21850,0,0,1040,13460,25,775,0,09:16:00,2075,2150
ALLBANKS27JUL2340000PE,2325,250,250,2325,2995,50,50,508475,09:16:00,20750,4550
ALLBANKS06JUL2346700CE,565,7250,7250,555,565,750,650,16825,09:16:00,20825,14850
MAINIDX27JUL2316700PE,745,0,0,560,0,200,0,0,09:16:00,20850,0
ALLBANKS27JUL2341300PE,5885,0,0,4915,5700,950,950,9800,09:16:00,20875,13775
MAINIDX13JUL2318400CE,25985,5550,5550,25770,25835,350,100,84000,09:16:00,20950,17950
MAINIDX26DEC2414000PE,8905,0,0,6600,0,300,0,0,09:16:00,2100,0
MAINIDX26DEC2416000PE,26200,0,0,23000,0,50,0,0,09:16:00,2100,0
ALLBANKS31AUG2343800PE,74500,0,0,67230,68785,45,45,0,09:16:00,2100,1110
FINANCIALS04JUL2318400PE,125,46160,46160,120,125,4160,6120,184040,09:16:00,210360,42640
ALLBANKS31AUG2339000PE,5500,0,0,4230,5670,300,150,0,09:16:00,2115,1860
FINANCIALS11JUL2319150CE,34200,0,0,30,0,320,0,0,09:16:00,2120,0
FINANCIALS11JUL2319250CE,24080,0,0,30,0,320,0,0,09:16:00,2120,0
FINANCIALS11JUL2319450PE,13875,0,0,5040,16069,80,40,0,09:16:00,2120,40
FINANCIALS25JUL2319000PE,11800,0,0,8665,13400,40,40,0,09:16:00,2120,80
ALLBANKS20JUL2344800CE,19955,0,0,2025,25150,300,300,0,09:16:00,2125,1275
ALLBANKS13JUL2350000PE,558000,0,0,529305,645710,875,750,0,09:16:00,2125,2125
MAINIDX13JUL2319600CE,295,150,150,260,470,50,50,4700,09:16:00,21400,6250
FINANCIALS04JUL2319400CE,10020,571400,571400,10085,10130,40,200,1598720,09:16:00,214160,184160
MAINIDX26DEC2420000CE,128000,0,0,124980,135870,50,50,0,09:16:00,2150,150
MAINIDX28SEP2318600CE,47585,0,0,48845,50270,50,50,0,09:16:00,2150,1950
MAINIDX28SEP2318350PE,23925,0,0,22515,23415,750,750,0,09:16:00,2150,2550
MAINIDX26DEC2419000PE,90000,0,0,87010,97875,50,100,0,09:16:00,2150,750
ALLBANKS27JUL2337500PE,1245,0,0,1090,1450,50,900,0,09:16:00,21525,1625
ALLBANKS31AUG2344300CE,84000,60,60,83405,85795,45,15,1725,09:16:00,2160,1080
FINANCIALS11JUL2319000PE,3929,40,40,2895,3890,200,40,1520,09:16:00,2160,1520
ALLBANKS31AUG2343000CE,155835,0,0,160660,172235,45,45,0,09:16:00,2160,2010
MAINIDX06JUL2319700CE,135,18300,18300,130,135,250,17100,123050,09:16:00,216350,63700
MAINIDX13JUL2318650CE,10915,3500,3500,10690,10795,150,100,65350,09:16:00,21700,19150
ALLBANKS28SEP2344000PE,90770,75,75,95315,97330,30,45,9375,09:16:00,2175,1335
ALLBANKS31AUG2336500PE,2025,0,0,2075,4800,330,15,0,09:16:00,2175,15
MAINIDX13JUL2317200PE,370,0,0,320,390,500,50,0,09:16:00,21950,2200
MAINIDX28MAR2416000PE,14600,0,0,700,0,400,0,0,09:16:00,2200,0
MAINIDX28MAR2419000PE,80000,0,0,2500,0,400,0,0,09:16:00,2200,0
MAINIDX31AUG2319600PE,84905,0,0,71965,134750,400,1750,0,09:16:00,2200,1800
ALLBANKS20JUL2343900CE,63385,75,75,61220,63554,25,25,2600,09:16:00,2200,2500
FINANCIALS11JUL2319650CE,15444,0,0,305,18995,400,400,0,09:16:00,2200,520
MAINIDX06JUL2318650CE,6005,971900,971900,6000,6005,4150,50,1956550,09:16:00,221150,208050
MAINIDX27JUL2317000CE,156830,0,0,161065,162025,100,100,0,09:16:00,22300,10550
MAINIDX20JUL2317800PE,1695,850,850,1595,1760,50,100,9900,09:16:00,22300,9300
ALLBANKS31AUG2344100PE,80990,30,30,79005,80990,15,30,1845,09:16:00,2235,960
ALLBANKS28SEP2342000PE,70640,0,0,34110,118909,225,285,0,09:16:00,225,960
MAINIDX27JUN2419000PE,78000,0,0,35000,0,50,0,0,09:16:00,2250,0
MAINIDX28MAR2417000PE,23995,0,0,22000,0,50,0,0,09:16:00,2250,0
ALLBANKS27JUL2343000CE,132025,1300,1300,130800,131320,100,25,908950,09:16:00,22525,11750
MAINIDX13JUL2316900PE,290,0,0,220,0,600,0,0,09:16:00,22550,0
MAINIDX31AUG2319500CE,4350,3750,3750,4205,4345,100,50,416400,09:16:00,22700,14650
ALLBANKS28SEP2343500PE,85680,0,0,75620,78705,30,45,0,09:16:00,2280,1095
FINANCIALS11JUL2319350CE,25000,480,480,20070,21645,160,120,1160,09:16:00,2280,920
MAINIDX06JUL2318600PE,11330,1095900,1095900,11325,11360,900,1150,2369150,09:16:00,228250,110700
MAINIDX13JUL2316650PE,225,0,0,250,480,50,900,0,09:16:00,22900,900
ALLBANKS31AUG2340000CE,408035,0,0,414200,435085,450,450,0,09:16:00,2295,2295
ALLBANKS31AUG2341000CE,322000,0,0,325095,340860,450,450,0,09:16:00,2295,2370
MAINIDX27JUN2416000PE,18000,0,0,10600,0,100,0,0,09:16:00,2300,0
MAINIDX20JUL2319750CE,550,0,0,310,2050,500,400,0,09:16:00,2300,1200
ALLBANKS27JUL2336500CE,752120,0,0,748735,772050,25,25,0,09:16:00,2300,1425
MAINIDX28SEP2318800PE,42600,0,0,38365,39610,500,500,0,09:16:00,2300,2300
MAINIDX27JUL2319000PE,42865,3400,3400,42620,42895,100,50,1131900,09:16:00,23050,20700
MAINIDX31AUG2318000PE,9725,21450,21450,9525,9625,150,150,908050,09:16:00,23150,15450
FINANCIALS11JUL2319550PE,31389,0,0,685,0,200,0,0,09:16:00,2320,0
FINANCIALS11JUL2319200PE,9705,0,0,5345,6970,40,40,0,09:16:00,2320,1760
ALLBANKS27JUL2335000CE,886500,0,0,891710,912810,25,25,0,09:16:00,2325,1400
ALLBANKS27JUL2340500PE,3270,400,400,3145,3490,25,50,224275,09:16:00,23275,2475
ALLBANKS31AUG2344800PE,126795,0,0,112545,120184,15,15,0,09:16:00,2340,2280
ALLBANKS31AUG2343600CE,115909,0,0,121050,127720,15,60,0,09:16:00,2340,2310
MAINIDX13JUL2318350PE,5835,5150,5150,5840,5890,100,150,36950,09:16:00,23450,20000
MAINIDX28MAR2415000PE,7770,0,0,4500,0,500,0,0,09:16:00,2350,0
MAINIDX26DEC2420000PE,138510,0,0,134260,138320,100,50,0,09:16:00,2350,100
ALLBANKS27JUL2337000CE,689495,0,0,699345,709425,25,25,0,09:16:00,2350,1400
ALLBANKS27JUL2336000CE,788000,0,0,797865,809935,25,25,0,09:16:00,2350,1425
ALLBANKS27JUL2346300PE,263215,0,0,211444,233380,50,50,0,09:16:00,2350,1450
MAINIDX31AUG2317650CE,84095,0,0,83785,125205,550,1750,0,09:16:00,2350,1800
MAINIDX28MAR2418000PE,38005,0,0,1700,44670,50,50,0,09:16:00,2350,200
ALLBANKS27JUL2346600PE,281830,0,0,193115,296115,1625,750,0,09:16:00,2350,2150
MAINIDX26DEC2417000PE,39900,0,0,36405,40945,100,50,0,09:16:00,2350,250
MAINIDX28SEP2319500CE,10545,0,0,11300,11695,50,100,0,09:16:00,2350,3000
MAINIDX27JUL2311000CE,756055,0,0,754140,763475,500,100,0,09:16:00,2350,4100
MAINIDX13JUL2318750CE,6770,5650,5650,6705,6805,150,100,54900,09:16:00,23500,14950
FINANCIALS04JUL2318550CE,85435,0,0,86790,88865,2280,2280,0,09:16:00,23520,5480
MAINIDX27JUL2318900CE,7675,8950,8950,7659,7709,50,50,1094150,09:16:00,23600,22800
ALLBANKS31AUG2343700CE,109795,0,0,114950,121455,15,60,0,09:16:00,2370,2325
ALLBANKS27JUL2331500PE,200,0,0,305,0,450,0,0,09:16:00,2375,0
ALLBANKS13JUL2342700CE,118525,0,0,140185,148595,25,50,0,09:16:00,2375,1475
ALLBANKS20JUL2343700CE,68590,0,0,72875,75805,50,50,0,09:16:00,2375,2475
MAINIDX27JUL2319350CE,935,0,0,925,1410,100,150,0,09:16:00,23800,6350
FINANCIALS04JUL2319500CE,5430,746600,746600,5500,5510,11200,40,2599680,09:16:00,238120,303800
FINANCIALS04JUL2319300PE,4135,389680,389680,4115,4140,640,200,726360,09:16:00,238400,37560
ALLBANKS31AUG2350000CE,2870,45,45,2865,3000,120,15,13425,09:16:00,2385,165
MAINIDX06JUL2316900PE,135,14200,14200,130,135,450,12300,103100,09:16:00,238550,40050
ALLBANKS27JUL2345200PE,131705,0,0,124509,129730,50,50,0,09:16:00,23975,5025
FINANCIALS25JUL2319600PE,34050,0,0,7634,71695,80,40,0,09:16:00,240,200
MAINIDX27JUN2417000PE,34080,0,0,20200,0,100,0,0,09:16:00,2400,0
ALLBANKS31AUG2347000CE,10595,180,180,9405,9900,15,45,48270,09:16:00,2400,1140
ALLBANKS27JUL2351000PE,708000,0,0,679070,690215,100,50,0,09:16:00,2400,2325
MAINIDX28SEP2318650PE,35520,0,0,32464,33575,600,600,0,09:16:00,2400,2400
MAINIDX27JUL2317100PE,869,150,150,690,2365,50,150,291500,09:16:00,24100,4100
ALLBANKS31AUG2343800CE,104000,0,0,108690,115005,15,60,0,09:16:00,2415,2340
MAINIDX06JUL2318800CE,1985,1156000,1156000,1980,1995,2050,3200,3616100,09:16:00,241750,251250
ALLBANKS20JUL2343400CE,112145,0,0,61015,113800,50,75,0,09:16:00,2425,1975
MAINIDX06JUL2318000PE,445,460900,460900,440,445,3400,12300,2538650,09:16:00,242650,254300
ALLBANKS27JUL2341500PE,6010,5050,5050,5990,6030,25,25,268300,09:16:00,24325,9525
MAINIDX06JUL2320000CE,95,232650,232650,95,100,51600,618950,1874100,09:16:00,2433300,717400
MAINIDX27JUL2317450PE,1775,0,0,1405,1495,150,100,0,09:16:00,24450,5150
MAINIDX26DEC2415000PE,17000,0,0,12000,0,550,0,0,09:16:00,2450,0
MAINIDX31AUG2319350PE,74585,0,0,55075,0,450,0,0,09:16:00,2450,0
ALLBANKS13JUL2342600CE,160000,0,0,144015,157895,50,50,0,09:16:00,2450,1475
ALLBANKS27JUL2341100PE,5080,0,0,3829,5275,950,950,0,09:16:00,24650,14725
MAINIDX06JUL2318900CE,875,1010250,1010250,869,880,5500,2900,3372400,09:16:00,246900,159850
MAINIDX27JUL2318400CE,33755,14900,14900,33855,33980,300,50,890200,09:16:00,24700,26550
MAINIDX31AUG2316500PE,1375,0,0,1145,1370,100,100,0,09:16:00,24800,12100
ALLBANKS06JUL2346600CE,580,12100,12100,575,580,325,275,30400,09:16:00,24925,23600
MAINIDX27JUL2317150PE,1165,0,0,760,1485,100,100,0,09:16:00,24950,4050
MAINIDX20JUL2317550PE,3000,0,0,509,0,250,0,0,09:16:00,250,0
MAINIDX27JUN2415000PE,7225,0,0,5600,0,300,0,0,09:16:00,2500,0
ALLBANKS20JUL2343300PE,28230,0,0,3504,25830,300,700,0,09:16:00,2500,1075
MAINIDX31AUG2319550PE,85090,0,0,68085,132625,1750,1750,0,09:16:00,2500,1800
MAINIDX26DEC2419000CE,177425,0,0,175260,181570,50,50,0,09:16:00,2500,200
ALLBANKS27JUL2336500PE,1000,0,0,825,1240,200,200,0,09:16:00,2500,275
FINANCIALS04JUL2318600CE,76140,0,0,81905,83815,40,200,0,09:16:00,25040,6960
ALLBANKS27JUL2341200PE,5495,0,0,4210,4790,950,50,0,09:16:00,25150,12750
MAINIDX27JUL2319450CE,785,0,0,660,935,100,100,0,09:16:00,25150,4600
ALLBANKS27JUL2341900PE,10020,0,0,7875,9060,50,50,0,09:16:00,25175,14400
ALLBANKS27JUL2349500PE,548500,0,0,533035,545255,50,25,0,09:16:00,2525,2450
ALLBANKS27JUL2350000PE,598000,0,0,581785,589730,50,25,0,09:16:00,2525,2550
MAINIDX27JUL2317350PE,1265,150,150,1110,2600,50,150,18350,09:16:00,25250,5850
MAINIDX27JUL2317550PE,1760,150,150,1705,1810,50,100,47400,09:16:00,25300,5100
ALLBANKS06JUL2343100CE,100400,725,725,98480,98800,125,125,10575,09:16:00,25350,13925
FINANCIALS04JUL2319600CE,2600,537880,537880,2650,2655,2920,80,2021880,09:16:00,253640,235520
MAINIDX27JUL2318950CE,6295,800,800,6180,6305,100,100,163950,09:16:00,25450,11950
ALLBANKS28SEP2345000PE,160000,0,0,134795,150450,15,15,0,09:16:00,255,945
MAINIDX30DEC2719000PE,195000,0,0,96525,0,750,0,0,09:16:00,2550,0
MAINIDX31DEC2611000PE,43100,0,0,3250,0,750,0,0,09:16:00,2550,0
MAINIDX31DEC2612000PE,25010,0,0,4780,0,750,0,0,09:16:00,2550,0
MAINIDX31DEC2613000PE,45000,0,0,7734,0,750,0,0,09:16:00,2550,0
MAINIDX31DEC2615000PE,42500,0,0,23475,0,750,0,0,09:16:00,2550,0
MAINIDX31DEC2616000PE,40775,0,0,36900,0,750,0,0,09:16:00,2550,0
MAINIDX20JUL2318050CE,57000,0,0,45760,68485,1750,750,0,09:16:00,2550,2550
ALLBANKS13JUL2342800CE,127500,0,0,133040,138930,25,50,0,09:16:00,2575,1700
MAINIDX28SEP23XX,1878715,800,800,1878500,1878695,150,250,176150,09:16:00,25750,30850
MAINIDX06JUL2319050CE,360,285500,285500,360,365,950,2350,2220600,09:16:00,258800,59150
MAINIDX13JUL2319300CE,409,100,100,385,395,50,100,77250,09:16:00,25950,10100
MAINIDX28SEP2318700PE,37845,0,0,33800,34905,250,550,0,09:16:00,2600,2400
MAINIDX26DEC2418000PE,61785,0,0,60100,61075,100,50,0,09:16:00,2600,400
FINANCIALS18JUL2319500CE,19000,0,0,15790,20895,400,80,0,09:16:00,2600,720
FINANCIALS04JUL2318300PE,110,20640,20640,105,110,10280,3880,208160,09:16:00,260760,32640
MAINIDX06JUL2317900CE,61979,0,0,66780,67050,100,300,0,09:16:00,26200,14750
FINANCIALS04JUL2318750CE,71190,0,0,66980,69035,2280,80,0,09:16:00,26200,5480
MAINIDX13JUL2319050CE,1200,200,200,1200,1275,150,50,56000,09:16:00,26250,8350
MAINIDX06JUL2317200PE,160,26550,26550,155,160,4150,12650,284400,09:16:00,262550,48350
MAINIDX30DEC2715000PE,60104,0,0,24045,0,850,0,0,09:16:00,2650,0
ALLBANKS20JUL2343100PE,17000,0,0,5285,30400,300,50,0,09:16:00,2650,925
ALLBANKS06JUL2348500CE,375,33300,33300,370,380,950,1625,243625,09:16:00,26525,20000
ALLBANKS27JUL2337800PE,1660,0,0,515,0,900,0,0,09:16:00,2675,0
ALLBANKS27JUL2338600PE,1795,25,25,515,0,900,0,75,09:16:00,2675,0
ALLBANKS27JUL2338700PE,1525,0,0,515,0,900,0,0,09:16:00,2675,0
ALLBANKS27JUL2338400PE,1225,0,0,515,2400,900,25,0,09:16:00,2675,900
FINANCIALS04JUL2319950PE,48820,0,0,51465,53100,80,40,0,09:16:00,26840,8560
MAINIDX13JUL2318550PE,12175,14750,14750,12110,12170,100,50,61750,09:16:00,26850,18750
MAINIDX27JUL2315000PE,340,0,0,330,355,100,100,0,09:16:00,26950,13800
FINANCIALS04JUL2320100PE,64110,0,0,66385,68720,40,3280,0,09:16:00,26960,6920
ALLBANKS27JUL2338200PE,890,0,0,910,0,25,0,0,09:16:00,2700,0
ALLBANKS27JUL2339300PE,1510,0,0,600,0,900,0,0,09:16:00,2700,0
MAINIDX27JUN2414000PE,4105,0,0,3300,0,300,0,0,09:16:00,2700,0
ALLBANKS13JUL2341500CE,222400,0,0,253710,261460,50,100,0,09:16:00,2700,2700
ALLBANKS13JUL2340000CE,442000,0,0,365935,574330,50,50,0,09:16:00,2700,2750
MAINIDX20JUL2318150CE,49375,0,0,36145,51120,50,50,0,09:16:00,2700,3050
MAINIDX27JUN2418000PE,47500,0,0,36205,50000,100,50,0,09:16:00,2700,50
MAINIDX20JUL2318750PE,24665,0,0,22490,32389,50,50,0,09:16:00,2700,550
MAINIDX13JUL2319400CE,260,0,0,280,295,100,50,0,09:16:00,27000,4100
ALLBANKS06JUL2346800CE,555,12600,12600,550,555,150,1025,15600,09:16:00,27100,7400
ALLBANKS27JUL2346500CE,3704,1725,1725,3704,4035,675,950,328425,09:16:00,27125,6225
MAINIDX13JUL2318550CE,15950,25600,25600,15905,15980,400,350,92550,09:16:00,27200,23650
ALLBANKS13JUL2345100PE,123070,0,0,107584,113825,50,50,0,09:16:00,2725,1750
ALLBANKS27JUL2339500CE,440564,0,0,455770,460575,125,50,0,09:16:00,2725,3050
ALLBANKS31AUG2344400PE,106459,0,0,93115,98190,45,15,0,09:16:00,2730,2475
MAINIDX28SEP2319000CE,28314,50,50,27939,28795,100,100,58100,09:16:00,2750,2400
MAINIDX26OCT2320000PE,115520,150,150,79860,117065,100,50,17300,09:16:00,2750,400
MAINIDX28DEC2320000PE,112300,0,0,107934,109420,100,100,0,09:16:00,2750,950
ALLBANKS31AUG2344500CE,74500,75,75,73505,75985,45,45,26250,09:16:00,2775,1800
ALLBANKS27JUL2336000PE,1110,0,0,869,1240,250,200,0,09:16:00,2775,375
MAINIDX13JUL2318450PE,8395,1800,1800,8460,8520,50,150,34350,09:16:00,27800,21950
ALLBANKS31AUG2344200CE,84890,0,0,88705,91185,45,45,0,09:16:00,2790,1860
ALLBANKS31AUG2343900CE,95995,0,0,105400,107584,225,45,0,09:16:00,2790,2385
MAINIDX27JUL2317300PE,1340,0,0,1160,1260,100,100,0,09:16:00,27900,4400
MAINIDX13JUL2318300PE,4715,9400,9400,4765,4795,400,100,310450,09:16:00,27950,24450
ALLBANKS27JUL2337700PE,515,0,0,595,1795,125,25,0,09:16:00,2800,25
FINANCIALS25JUL2319500CE,22000,0,0,22990,25405,200,40,0,09:16:00,2800,360
MAINIDX27JUL2318100PE,5805,11750,11750,5765,5795,250,150,944500,09:16:00,28000,19400
MAINIDX27JUL2317400PE,1700,0,0,1205,1630,100,100,0,09:16:00,28000,4850
ALLBANKS13JUL2346000CE,1825,5625,5625,1755,1775,100,25,82425,09:16:00,28125,9850
MAINIDX13JUL2318250PE,3950,6250,6250,3910,3975,900,150,143250,09:16:00,28150,16200
MAINIDX27JUL2317650PE,2085,150,150,2005,2135,50,100,44250,09:16:00,28150,5150
ALLBANKS20JUL2343400PE,25220,0,0,11075,36840,300,950,0,09:16:00,2825,1825
FINANCIALS04JUL2318500CE,82500,0,0,91955,93195,640,40,0,09:16:00,28440,10600
FINANCIALS04JUL2318900CE,45965,0,0,52904,53365,600,40,0,09:16:00,28560,9800
FINANCIALS04JUL2317900PE,90,0,0,60,90,2000,400,0,09:16:00,28640,13400
ALLBANKS06JUL2338500PE,335,1550,1550,335,340,25,1550,14600,09:16:00,28650,5800
FINANCIALS04JUL2318850CE,47600,0,0,57150,58800,40,40,0,09:16:00,28720,8200
ALLBANKS27JUL2339100CE,434000,0,0,421464,546050,750,750,0,09:16:00,2875,2125
ALLBANKS20JUL2345100CE,12100,0,0,2955,18310,50,50,0,09:16:00,2875,2225
ALLBANKS27JUL2337500CE,692295,0,0,651740,662975,50,25,0,09:16:00,2875,2925
ALLBANKS06JUL2343200CE,89585,2125,2125,89555,89850,25,125,18200,09:16:00,28775,10600
MAINIDX27JUL2319150CE,2065,0,0,2395,2580,100,150,0,09:16:00,28900,7400
ALLBANKS31AUG2344100CE,94605,60,60,94205,96595,45,15,255,09:16:00,2895,1785
ALLBANKS06JUL2344600PE,65010,4725,4725,65025,65370,125,25,22250,09:16:00,28950,13150
ALLBANKS27JUL2345700PE,181500,0,0,161585,173525,75,50,0,09:16:00,2900,3025
ALLBANKS27JUL2341000PE,4025,825,825,4010,4180,900,50,382325,09:16:00,29100,15500
ALLBANKS06JUL2346200CE,650,22550,22550,645,650,500,150,138000,09:16:00,29125,14675
FINANCIALS04JUL2317700PE,75,0,0,50,150,1000,520,0,09:16:00,29160,1320
FINANCIALS11JUL2319600PE,28395,0,0,21430,25170,80,40,0,09:16:00,2920,840
FINANCIALS04JUL2317800PE,75,520,520,50,75,1640,1000,68480,09:16:00,29200,15800
MAINIDX27JUL2316500PE,560,250,250,540,595,100,50,1010050,09:16:00,29200,8700
ALLBANKS27JUL2340700CE,290000,0,0,287895,386275,775,875,0,09:16:00,2925,1400
ALLBANKS20JUL2345000CE,15200,0,0,15735,18495,750,50,0,09:16:00,2925,2125
ALLBANKS27JUL2340300CE,315550,0,0,327900,421239,800,225,0,09:16:00,2925,2350
MAINIDX13JUL2318700CE,8555,16200,16200,8560,8605,600,100,227950,09:16:00,29250,42650
MAINIDX27JUL2317950PE,4835,0,0,3925,4125,100,100,0,09:16:00,29300,5650
ALLBANKS06JUL2344000CE,31020,1445075,1445075,31005,31039,350,50,3811900,09:16:00,293275,360500
ALLBANKS27JUL2343900PE,49760,3000,3000,49405,49850,50,50,62700,09:16:00,29350,5725
ALLBANKS27JUL2344000PE,53710,24950,24950,53750,54054,25,100,784250,09:16:00,29400,15900
FINANCIALS04JUL2318700CE,63440,0,0,72020,73865,1640,40,0,09:16:00,29440,8000
ALLBANKS27JUL2338800CE,473000,0,0,451414,591295,825,500,0,09:16:00,2950,2125
ALLBANKS27JUL2340200CE,359900,0,0,337920,429745,825,1250,0,09:16:00,2950,2125
ALLBANKS27JUL2340400CE,357500,0,0,317890,420380,825,750,0,09:16:00,2950,2125
MAINIDX28SEP2318300PE,23000,0,0,20750,21425,100,100,0,09:16:00,2950,2850
ALLBANKS27JUL2341800CE,225000,0,0,229530,246685,50,50,0,09:16:00,2950,3075
MAINIDX13JUL2317850PE,930,1000,1000,905,950,1800,100,11750,09:16:00,29500,11450
MAINIDX13JUL2318600PE,14344,16200,16200,14355,14415,100,100,80550,09:16:00,29550,26700
MAINIDX06JUL2317600PE,220,136400,136400,215,220,12250,30200,801100,09:16:00,296300,69950
ALLBANKS27JUL2346000CE,6570,15425,15425,6540,6570,125,25,496150,09:16:00,29650,10250
MAINIDX13JUL2318150PE,2665,2250,2250,2665,2695,50,200,46050,09:16:00,29650,17300
ALLBANKS06JUL2343300CE,81570,3250,3250,80825,81090,50,125,20925,09:16:00,29675,16350
ALLBANKS27JUL2335500CE,821470,0,0,737645,931415,850,875,0,09:16:00,2975,1375
ALLBANKS27JUL2339700CE,400000,0,0,361410,483685,850,500,0,09:16:00,2975,2125
ALLBANKS27JUL2340600CE,319460,0,0,297895,388510,850,875,0,09:16:00,2975,2125
ALLBANKS27JUL2340100CE,350000,0,0,347935,440220,875,75,0,09:16:00,2975,2200
ALLBANKS27JUL2339400CE,409000,0,0,391465,514800,500,225,0,09:16:00,2975,2350
ALLBANKS06JUL2346100CE,685,13900,13900,680,685,2600,700,68400,09:16:00,29950,21375
MAINIDX31DEC2614000PE,50000,0,0,14010,0,750,0,0,09:16:00,3000,0
ALLBANKS27JUL2340800CE,366335,0,0,277940,367460,850,25,0,09:16:00,3000,1400
MAINIDX31AUG2317550CE,91585,0,0,103380,128755,1200,50,0,09:16:00,3000,1800
MAINIDX28SEP2318450PE,28395,0,0,25235,26195,700,700,0,09:16:00,3000,2550
MAINIDX13JUL2317600PE,470,300,300,465,560,50,150,69200,09:16:00,30000,7950
MAINIDX27JUL2317750PE,2475,600,600,2390,2495,100,400,72450,09:16:00,30050,6500
FINANCIALS04JUL2318050PE,95,0,0,50,95,1800,1800,0,09:16:00,30240,3240
ALLBANKS27JUL2341400CE,312000,0,0,267560,284945,50,50,0,09:16:00,3025,3150
ALLBANKS27JUL2341700CE,272500,0,0,239425,256810,75,50,0,09:16:00,3025,3175
ALLBANKS27JUL2341300CE,262000,0,0,276835,294460,50,50,0,09:16:00,3025,3225
MAINIDX13JUL2317700PE,625,100,100,580,710,100,50,78600,09:16:00,30250,5900
ALLBANKS31AUG2344300PE,99020,0,0,88215,93090,45,15,0,09:16:00,3030,1770
FINANCIALS11JUL2319450CE,13000,0,0,13240,15869,40,120,0,09:16:00,3040,1840
MAINIDX27JUL2318800CE,11195,13900,13900,11175,11220,50,50,1583500,09:16:00,30450,23150
MAINIDX31AUG2318450PE,22600,0,0,19750,20360,50,700,0,09:16:00,3050,1100
ALLBANKS27JUL2341600CE,278145,0,0,248800,265835,150,50,0,09:16:00,3050,2300
MAINIDX31AUG2319800PE,130000,0,0,80745,140560,850,650,0,09:16:00,3050,2850
FINANCIALS04JUL2318800CE,61915,120,120,62765,63115,80,40,4520,09:16:00,30600,9720
FINANCIALS04JUL2320550CE,140,0,0,40,190,7120,920,0,09:16:00,30720,1160
ALLBANKS06JUL2343400CE,72550,13250,13250,72450,72695,125,50,29825,09:16:00,30725,18375
ALLBANKS27JUL2341900CE,241000,0,0,220994,237769,50,50,0,09:16:00,3075,3050
ALLBANKS06JUL2346400CE,610,18750,18750,605,610,875,1225,93275,09:16:00,30800,18575
FINANCIALS04JUL2318950CE,42445,0,0,47500,48680,40,40,0,09:16:00,30800,8560
MAINIDX06JUL2320050CE,95,1300,1300,90,95,6250,5250,15950,09:16:00,30900,30900
MAINIDX31AUG2318150PE,13619,50,50,11955,12475,50,50,0,09:16:00,3100,1400
ALLBANKS27JUL2349000PE,484470,0,0,483750,488900,75,25,0,09:16:00,3100,2300
ALLBANKS27JUL2346200PE,228300,0,0,202550,223905,50,50,0,09:16:00,3100,2350
MAINIDX06JUL2318550CE,10630,1217900,1217900,10605,10630,250,700,2268200,09:16:00,312200,384800
ALLBANKS06JUL2340200CE,396000,0,0,348340,436414,1250,750,0,09:16:00,3125,3125
ALLBANKS06JUL2340600CE,360000,0,0,253480,392535,1625,750,0,09:16:00,3125,3125
ALLBANKS06JUL2340700CE,340000,0,0,296985,440664,1250,1625,0,09:16:00,3125,3125
ALLBANKS06JUL2340800CE,327430,0,0,291955,361445,1250,500,0,09:16:00,3125,3125
MAINIDX27JUL2318600PE,18860,41850,41850,18655,18765,350,150,1167100,09:16:00,31250,26700
FINANCIALS04JUL2319850PE,49815,0,0,41565,43285,40,40,0,09:16:00,31280,13120
MAINIDX06JUL2318500PE,6875,1763850,1763850,6855,6875,1050,250,5532300,09:16:00,314400,187300
MAINIDX13JUL2319200CE,580,8400,8400,575,595,100,200,96600,09:16:00,31700,22500
MAINIDX27JUL2317700PE,2310,950,950,2280,2445,100,100,1037150,09:16:00,31900,6550
ALLBANKS20JUL2344200PE,62035,0,0,54335,58929,25,400,0,09:16:00,3200,1075
MAINIDX31AUG2318300PE,17500,0,0,15425,15855,100,100,0,09:16:00,3200,10850
MAINIDX31AUG2317000PE,2375,0,0,1930,2175,100,100,0,09:16:00,32000,14800
FINANCIALS04JUL2320000PE,57200,40,40,57354,57925,40,280,960,09:16:00,32000,8040
ALLBANKS28SEP2343500CE,160000,15,15,163455,167600,45,15,1290,09:16:00,3210,1560
FINANCIALS04JUL2319000PE,715,298280,298280,710,720,2600,4120,1142720,09:16:00,322200,56880
ALLBANKS20JUL2343000PE,19560,0,0,14550,18320,50,50,0,09:16:00,3225,1250
MAINIDX27JUL2318300PE,9425,12950,12950,9400,9420,50,200,2533750,09:16:00,32300,29100
FINANCIALS11JUL2319350PE,15830,0,0,10745,12020,40,1200,0,09:16:00,3240,1240
ALLBANKS31AUG2343500CE,132330,30,30,130405,132025,45,15,16740,09:16:00,3240,3105
MAINIDX31AUG2318050PE,11500,0,0,10045,10540,50,1000,0,09:16:00,3250,1400
ALLBANKS27JUL2348500PE,427000,0,0,434389,441614,50,100,0,09:16:00,3250,3225
ALLBANKS06JUL2341100CE,293000,0,0,216915,337690,50,50,0,09:16:00,3250,3250
ALLBANKS06JUL2341200CE,293000,0,0,209365,374935,50,50,0,09:16:00,3250,3250
ALLBANKS06JUL2345000PE,99840,4325,4325,99360,99760,125,50,71600,09:16:00,32525,15900
MAINIDX13JUL2318400PE,7034,15050,15050,7030,7050,50,50,251900,09:16:00,32600,33200
MAINIDX06JUL2318250CE,33270,4100,4100,33225,33345,250,250,55350,09:16:00,32700,26250
ALLBANKS27JUL2342100CE,206094,0,0,200105,218285,50,50,0,09:16:00,3275,3300
ALLBANKS27JUL2347500CE,1960,0,0,2060,2270,50,150,0,09:16:00,32775,3275
ALLBANKS06JUL2343100PE,5475,117950,117950,5415,5445,50,25,310100,09:16:00,32925,17975
MAINIDX30DEC2718000PE,97000,0,0,63500,97000,50,50,0,09:16:00,3300,150
ALLBANKS27JUL2339900CE,428000,0,0,368625,461560,50,50,0,09:16:00,3325,3325
MAINIDX27JUL2317850PE,3100,800,800,3070,3195,100,50,91650,09:16:00,33250,15400
ALLBANKS28SEP2344000CE,128000,0,0,131905,135465,45,15,0,09:16:00,3330,1665
MAINIDX13JUL2318950CE,2215,8300,8300,2200,2215,750,50,72750,09:16:00,33300,14150
ALLBANKS13JUL2344000PE,39000,16350,16350,39010,39190,25,50,106850,09:16:00,33350,17625
MAINIDX06JUL2320150CE,90,25250,25250,85,90,14400,5300,80850,09:16:00,333600,195900
FINANCIALS04JUL2319750PE,40215,0,0,32050,33560,40,40,0,09:16:00,33480,11480
MAINIDX26DEC2423000CE,40000,0,0,15000,0,50,0,0,09:16:00,3350,0
ALLBANKS06JUL2341700CE,223290,0,0,229885,243650,50,50,0,09:16:00,3350,3200
ALLBANKS06JUL2341600CE,248380,0,0,239644,253735,50,50,0,09:16:00,3350,4075
MAINIDX06JUL2318850PE,29820,3800,3800,29530,29630,250,250,12350,09:16:00,33500,29550
MAINIDX27JUL2319250CE,1525,600,600,1440,1545,100,100,73000,09:16:00,33750,11050
MAINIDX13JUL2318850CE,3904,2550,2550,3910,3970,1550,100,171650,09:16:00,33800,20850
MAINIDX27JUL2318700CE,15515,26150,26150,15480,15544,100,200,1109400,09:16:00,33850,60350
MAINIDX27JUL2318600CE,20825,60350,60350,20765,20860,600,500,1614050,09:16:00,33850,82300
FINANCIALS04JUL2319900PE,54729,0,0,47555,47950,40,600,0,09:16:00,33880,12200
MAINIDX31AUG2317500PE,4190,3400,3400,4029,4185,100,250,878550,09:16:00,33900,19200
MAINIDX31AUG2320000CE,1300,0,0,1335,1445,100,250,0,09:16:00,33900,5850
ALLBANKS27JUL2338000CE,587585,0,0,602890,609935,50,50,0,09:16:00,3400,2475
ALLBANKS06JUL2341400CE,250000,0,0,233755,305255,50,50,0,09:16:00,3400,3400
MAINIDX27JUL2319050CE,3375,0,0,3910,4065,100,100,0,09:16:00,34000,8250
ALLBANKS06JUL2342200CE,170510,0,0,174270,196590,50,50,0,09:16:00,34125,5625
FINANCIALS04JUL2319800PE,45110,0,0,37860,38200,40,600,0,09:16:00,34200,9760
ALLBANKS27JUL2345800PE,191060,0,0,167025,184220,50,50,0,09:16:00,3425,3325
MAINIDX27JUL2317200PE,1000,750,750,969,1005,1800,50,755800,09:16:00,34250,9250
FINANCIALS11JUL2319200CE,41420,1200,1200,13535,46010,40,80,0,09:16:00,3440,1760
FINANCIALS11JUL2319550CE,9185,0,0,10375,11855,40,320,0,09:16:00,3440,2120
ALLBANKS20JUL2344300PE,69785,0,0,59310,63390,50,50,0,09:16:00,3450,1050
ALLBANKS20JUL2344400PE,76200,0,0,64154,71440,50,50,0,09:16:00,3450,1375
ALLBANKS06JUL2341800CE,210000,0,0,220015,233760,50,50,0,09:16:00,3450,3300
MAINIDX31AUG2317300CE,140135,0,0,112375,160580,750,850,0,09:16:00,3450,3550
ALLBANKS06JUL2341900CE,199570,0,0,210135,223760,50,50,0,09:16:00,3450,4200
ALLBANKS20JUL2344500PE,75355,50,50,71050,75830,300,25,4225,09:16:00,3450,650
MAINIDX06JUL2319900CE,114,11450,11450,110,114,1900,17100,105150,09:16:00,345450,75050
FINANCIALS04JUL2319600PE,19995,15000,15000,20045,20160,160,200,235320,09:16:00,34640,11840
ALLBANKS20JUL2344100CE,44690,0,0,49215,52420,50,50,0,09:16:00,3475,2500
MAINIDX31AUG2319200PE,62375,0,0,44815,75920,800,750,0,09:16:00,3500,2100
MAINIDX28SEP2317500CE,111950,0,0,110570,137090,1350,50,0,09:16:00,3500,550
MAINIDX06JUL2318500CE,13555,1513850,1513850,13555,13565,50,450,5753550,09:16:00,352200,436000
ALLBANKS06JUL2342800PE,3235,129400,129400,3215,3250,200,100,340400,09:16:00,35425,19425
ALLBANKS06JUL2342700PE,2800,124775,124775,2830,2845,200,250,272675,09:16:00,35450,18850
MAINIDX31AUG2316550PE,1785,0,0,509,0,1800,0,0,09:16:00,3550,0
MAINIDX31AUG2319150PE,58200,0,0,37830,0,1750,0,0,09:16:00,3550,0
MAINIDX27JUL2313500PE,240,0,0,140,0,1800,0,0,09:16:00,3550,0
MAINIDX27JUL2315800PE,310,0,0,310,0,1800,0,0,09:16:00,3550,0
MAINIDX27JUL2315900PE,315,0,0,315,0,1800,0,0,09:16:00,3550,0
MAINIDX26DEC2421000CE,84000,0,0,82000,219990,50,50,0,09:16:00,3550,150
ALLBANKS20JUL2344400CE,34490,0,0,35480,38940,50,50,0,09:16:00,3550,2625
MAINIDX28DEC2324000CE,1760,0,0,1305,2000,100,100,0,09:16:00,3550,3800
MAINIDX06JUL2319800CE,110,29100,29100,105,110,45950,9350,227850,09:16:00,356250,44550
ALLBANKS06JUL2343400PE,9140,165725,165725,9110,9155,125,125,262700,09:16:00,35850,22700
MAINIDX06JUL2318700CE,4275,1144400,1144400,4275,4290,100,1100,4267800,09:16:00,359950,359450
MAINIDX30DEC2717000PE,78200,0,0,52060,0,1800,0,0,09:16:00,3600,0
ALLBANKS27JUL2338500CE,572500,0,0,553735,560900,50,50,0,09:16:00,3600,3025
ALLBANKS06JUL2342300CE,160000,0,0,170610,185490,50,50,0,09:16:00,36175,5750
MAINIDX13JUL2317950PE,1230,1050,1050,1250,1285,1850,50,26650,09:16:00,36250,18500
MAINIDX13JUL2318200PE,3229,19000,19000,3235,3260,350,250,336150,09:16:00,36300,29350
MAINIDX13JUL2318600CE,13200,31650,31650,13219,13285,600,150,194750,09:16:00,36400,41200
ALLBANKS27JUL2334000PE,2200,0,0,305,0,975,0,0,09:16:00,3650,0
MAINIDX28DEC2312000PE,315,0,0,310,0,700,0,0,09:16:00,3650,0
ALLBANKS27JUL2345900PE,172840,0,0,174840,192465,50,50,0,09:16:00,3650,2900
ALLBANKS27JUL2341100CE,315000,0,0,248780,332825,50,50,0,09:16:00,3650,3650
ALLBANKS27JUL2345300PE,123900,0,0,130945,137030,50,50,0,09:16:00,3650,3925
ALLBANKS27JUL2339000CE,488000,0,0,504639,510039,50,50,0,09:16:00,3650,4025
ALLBANKS06JUL2342400CE,142355,0,0,154475,170050,50,50,0,09:16:00,36525,4175
MAINIDX27JUL2319300CE,1175,5850,5850,1160,1180,250,100,977200,09:16:00,36850,14550
ALLBANKS27JUL2334500PE,380,0,0,305,0,1025,0,0,09:16:00,3700,0
MAINIDX28DEC2318500CE,99810,0,0,100850,103565,100,100,0,09:16:00,3700,1400
ALLBANKS20JUL2344600CE,24000,0,0,21710,31320,50,50,0,09:16:00,3700,1925
MAINIDX28SEP2318700CE,41500,0,0,42665,44975,100,100,0,09:16:00,3700,2000
ALLBANKS27JUL2340900CE,297935,0,0,268940,363335,50,50,0,09:16:00,3700,3700
MAINIDX28SEP2318300CE,66920,0,0,68945,80205,50,50,0,09:16:00,3700,4250
MAINIDX13JUL2318500CE,18950,23700,23700,18955,19035,900,100,243850,09:16:00,37200,41550
MAINIDX13JUL2318050PE,1825,1900,1900,1814,1860,50,50,30100,09:16:00,37250,17650
FINANCIALS04JUL2320100CE,185,177040,177040,185,195,6960,4880,1320480,09:16:00,373840,36520
ALLBANKS06JUL2339000CE,495000,0,0,455705,506200,150,150,0,09:16:00,3750,2250
MAINIDX31AUG2317400CE,145015,0,0,103705,149405,850,450,0,09:16:00,3750,3350
ALLBANKS27JUL2347500PE,352675,0,0,336115,340235,50,75,0,09:16:00,3775,3275
MAINIDX27JUL2319100CE,3160,5600,5600,3115,3175,50,100,1066050,09:16:00,37800,11950
MAINIDX27JUL2318200PE,7484,15600,15600,7434,7475,500,200,2901400,09:16:00,37900,37450
FINANCIALS04JUL2317400PE,65,0,0,40,0,200,0,0,09:16:00,3800,0
MAINIDX20JUL2317150PE,815,0,0,409,0,250,0,0,09:16:00,3800,0
MAINIDX20JUL2317200PE,815,0,0,409,0,250,0,0,09:16:00,3800,0
MAINIDX20JUL2317250PE,1190,0,0,409,0,250,0,0,09:16:00,3800,0
MAINIDX20JUL2317350PE,1090,0,0,409,0,250,0,0,09:16:00,3800,0
ALLBANKS27JUL2342800CE,137000,0,0,145775,148975,50,25,0,09:16:00,3800,2550
MAINIDX26OCT2319000PE,53700,0,0,49630,51575,100,50,0,09:16:00,3800,400
MAINIDX28SEP2318500PE,29055,50,50,26725,27425,100,100,0,09:16:00,3800,4450
MAINIDX27JUL2317600PE,1850,850,850,1805,1914,100,100,836900,09:16:00,38150,11200
ALLBANKS06JUL2345800CE,805,47275,47275,795,800,1025,575,166750,09:16:00,38200,20600
ALLBANKS27JUL2345400PE,143000,0,0,138710,148720,50,50,0,09:16:00,3825,3600
MAINIDX13JUL2318800CE,5170,26650,26650,5200,5230,600,300,345350,09:16:00,38400,30500
ALLBANKS06JUL2345900CE,760,30050,30050,755,760,2025,450,84575,09:16:00,38475,22350
MAINIDX27JUL2316650PE,750,0,0,509,0,300,0,0,09:16:00,3850,0
MAINIDX27JUL2316750PE,805,0,0,520,0,300,0,0,09:16:00,3850,0
MAINIDX27JUL2316850PE,800,0,0,615,1945,50,50,0,09:16:00,3850,50
ALLBANKS06JUL2349000CE,345,25550,25550,340,345,225,475,149950,09:16:00,38950,44375
ALLBANKS28SEP23XX,4440005,690,690,4440005,4443785,45,60,43305,09:16:00,3900,2280
MAINIDX28DEC2314000PE,2585,0,0,2215,2490,500,100,0,09:16:00,3900,3350
ALLBANKS27JUL2341200CE,260000,0,0,239265,329565,50,50,0,09:16:00,3900,3900
MAINIDX13JUL2317800PE,800,1400,1400,795,800,200,600,52100,09:16:00,39000,12650
ALLBANKS27JUL2348000CE,1700,25,25,1670,1795,50,50,230300,09:16:00,39050,11000
MAINIDX27JUL2317800PE,2705,2100,2100,2750,2835,250,100,1188600,09:16:00,39100,13800
ALLBANKS06JUL2342600PE,2435,82325,82325,2430,2460,50,875,145200,09:16:00,39100,31625
MAINIDX27JUL2318400PE,11975,14150,14150,11895,11955,50,50,1494050,09:16:00,39150,33750
ALLBANKS06JUL2347500CE,440,54325,54325,434,440,2550,2350,182950,09:16:00,39175,24900
ALLBANKS31AUG2344000PE,76075,585,585,75975,77190,15,45,105150,09:16:00,3930,1725
MAINIDX06JUL2317250PE,195,600,600,130,190,100,600,10400,09:16:00,39400,3650
MAINIDX06JUL2318750PE,21425,20150,20150,21230,21290,250,50,62550,09:16:00,39450,36050
ALLBANKS06JUL2342600CE,134635,0,0,145240,146470,50,50,0,09:16:00,39450,7050
FINANCIALS04JUL2321100CE,90,1840,1840,30,90,600,680,37160,09:16:00,39480,3400
MAINIDX20JUL2317100PE,750,0,0,310,0,400,0,0,09:16:00,3950,0
MAINIDX27JUL2319950CE,484,0,0,360,1839,400,50,0,09:16:00,3950,1950
MAINIDX27JUL2313000CE,553000,0,0,555270,558950,850,450,0,09:16:00,3950,3600
ALLBANKS27JUL2342300CE,180000,0,0,181580,199965,50,50,0,09:16:00,3950,3925
MAINIDX28DEC2322000CE,3900,0,0,3654,4695,100,100,0,09:16:00,3950,4000
MAINIDX20JUL2317050PE,1190,0,0,310,555,400,50,0,09:16:00,3950,50
ALLBANKS20JUL2343600PE,41785,0,0,28855,32965,300,50,0,09:16:00,3975,1325
ALLBANKS13JUL2342000CE,207800,25,25,209205,210094,50,50,775,09:16:00,3975,3575
ALLBANKS06JUL2343300PE,7684,231925,231925,7680,7725,25,625,381375,09:16:00,39925,18800
MAINIDX06JUL2319500CE,160,377850,377850,160,165,189150,80600,6472100,09:16:00,3992750,258600
FINANCIALS11JUL2318500PE,4695,80,80,1105,0,40,0,0,09:16:00,40,0
FINANCIALS25JUL2319700PE,30000,0,0,20100,54460,40,40,0,09:16:00,40,120
MAINIDX20JUL2318250CE,38995,0,0,40100,43025,50,50,0,09:16:00,400,3100
MAINIDX20JUL2316950PE,470,0,0,310,0,450,0,0,09:16:00,4000,0
MAINIDX31AUG2319400PE,78850,0,0,54295,0,1750,0,0,09:16:00,4000,400
MAINIDX31AUG2319450PE,82775,0,0,58545,0,1750,0,0,09:16:00,4000,400
MAINIDX27JUL2316000PE,530,0,0,505,575,100,100,0,09:16:00,40000,7600
FINANCIALS04JUL2319900CE,315,204080,204080,320,325,2560,1960,899520,09:16:00,400560,82560
ALLBANKS27JUL2340000CE,396100,0,0,407100,410925,50,50,0,09:16:00,4025,4600
FINANCIALS04JUL2321200CE,105,0,0,40,130,1000,1760,0,09:16:00,40280,2000
MAINIDX27JUL2317900PE,3545,5500,5500,3470,3515,50,100,1042500,09:16:00,40300,12050
ALLBANKS06JUL2343600CE,56845,72950,72950,56840,56929,75,25,107150,09:16:00,40350,21975
MAINIDX28SEP2318000CE,89200,0,0,92360,93520,200,100,0,09:16:00,4050,4750
MAINIDX13JUL2318500PE,10135,54550,54550,10110,10140,50,350,253050,09:16:00,40600,32050
ALLBANKS06JUL2345700CE,865,46950,46950,865,869,975,1050,171475,09:16:00,40675,24625
ALLBANKS27JUL2346000PE,207030,0,0,193705,195295,50,50,0,09:16:00,4075,5650
FINANCIALS11JUL2319600CE,8275,360,360,8170,8870,200,40,8000,09:16:00,4080,2680
ALLBANKS06JUL2337500PE,295,3325,3325,290,295,725,1400,8350,09:16:00,40825,7825
ALLBANKS06JUL2342700CE,137000,475,475,135695,136415,275,25,3150,09:16:00,40875,8075
MAINIDX28DEC2318000CE,135000,0,0,137440,141070,100,100,0,09:16:00,4100,2700
MAINIDX31AUG2319250PE,66630,0,0,43695,0,1750,0,0,09:16:00,4100,500
MAINIDX31AUG23XX,1869959,3700,3700,1869634,1869825,50,50,741950,09:16:00,41050,37250
ALLBANKS06JUL2342000CE,205475,450,450,203950,205035,125,50,39425,09:16:00,41225,6550
ALLBANKS06JUL2344400PE,50345,19625,19625,50295,50545,75,100,75400,09:16:00,41450,20900
ALLBANKS06JUL2342500CE,157515,2400,2400,155050,155720,100,25,25375,09:16:00,41475,10300
MAINIDX20JUL2316900PE,720,0,0,220,0,600,0,0,09:16:00,4150,0
MAINIDX27JUL2316050PE,335,0,0,310,0,2400,0,0,09:16:00,4150,0
MAINIDX27JUL2316150PE,680,0,0,345,0,600,0,0,09:16:00,4150,0
MAINIDX31AUG2318750PE,34635,0,0,30605,33695,50,50,0,09:16:00,4150,2350
FINANCIALS11JUL2319300CE,25705,2320,2320,23370,24795,40,80,5040,09:16:00,4160,1240
MAINIDX27JUL2319200CE,1935,4750,4750,1860,1939,50,200,1140850,09:16:00,41600,32300
ALLBANKS06JUL2344800PE,81630,1000,1000,81480,81810,125,125,19225,09:16:00,41775,13675
ALLBANKS06JUL2342100CE,182500,0,0,190505,205400,50,50,0,09:16:00,41800,6500
ALLBANKS20JUL2340000PE,3500,25,25,1265,3500,375,175,5050,09:16:00,4200,275
MAINIDX20JUL2317400PE,1385,0,0,409,1580,650,50,0,09:16:00,4200,400
MAINIDX28SEP2318400CE,59400,0,0,60035,63854,900,50,0,09:16:00,4200,4250
ALLBANKS27JUL2342400CE,209919,0,0,173705,189895,50,50,0,09:16:00,4200,4375
ALLBANKS06JUL2340400PE,484,4950,4950,490,495,25,50,10725,09:16:00,42100,2800
ALLBANKS31AUG2343500PE,59645,60,60,57404,58775,45,45,45000,09:16:00,4230,2700
ALLBANKS06JUL2343600PE,13330,340825,340825,13305,13355,150,100,349600,09:16:00,42425,64275
MAINIDX06JUL2319050PE,53675,0,0,48435,48695,100,100,0,09:16:00,42450,21950
MAINIDX31AUG2318550PE,26210,0,0,23265,23890,50,600,0,09:16:00,4250,1000
MAINIDX26OCT2318000CE,102265,0,0,105505,107034,100,50,0,09:16:00,4250,1250
MAINIDX28SEP2319000PE,52200,0,0,46885,49685,250,100,0,09:16:00,4250,4050
ALLBANKS31AUG2344500PE,100385,30,30,98890,100790,45,15,15090,09:16:00,4290,3495
MAINIDX28SEP2318000PE,14955,200,200,14555,14980,100,100,148550,09:16:00,4300,2400
ALLBANKS13JUL2343300CE,90900,0,0,91895,94350,50,50,0,09:16:00,4300,4575
FINANCIALS04JUL2318700PE,260,289800,289800,254,260,7120,1240,1669840,09:16:00,430680,100000
MAINIDX13JUL2317500PE,500,2450,2450,484,500,50,50,138200,09:16:00,43150,13850
FINANCIALS04JUL2318600PE,195,139120,139120,190,195,1440,920,793880,09:16:00,432480,58880
ALLBANKS20JUL2344500CE,30060,0,0,32555,33355,100,50,0,09:16:00,4325,3500
MAINIDX13JUL2318000PE,1530,9850,9850,1530,1545,50,600,291400,09:16:00,43400,31100
ALLBANKS28SEP2341000CE,361370,0,0,295035,444320,420,300,0,09:16:00,435,315
MAINIDX20JUL2316700PE,785,0,0,210,0,500,0,0,09:16:00,4350,0
MAINIDX20JUL2316750PE,1000,0,0,210,0,500,0,0,09:16:00,4350,0
MAINIDX28SEP2319500PE,85200,0,0,78890,82155,100,50,0,09:16:00,4350,4000
ALLBANKS06JUL2345600CE,980,64200,64200,980,985,525,525,204750,09:16:00,43700,20925
ALLBANKS13JUL2342900CE,110050,0,0,123195,128070,50,50,0,09:16:00,4375,2075
ALLBANKS20JUL2344300CE,36800,0,0,37375,43210,50,50,0,09:16:00,4375,3775
ALLBANKS06JUL2340500CE,355100,50,50,328420,380555,50,50,2150,09:16:00,4375,4700
ALLBANKS06JUL2340700PE,545,9800,9800,545,555,450,125,13275,09:16:00,43750,7675
MAINIDX13JUL2318100PE,2245,18050,18050,2240,2250,450,200,200250,09:16:00,43850,24400
ALLBANKS06JUL2339500CE,455045,50,50,423939,485505,50,50,525,09:16:00,4400,3450
MIDCAP26JUL23XX,782005,0,0,783815,785995,75,75,0,09:16:00,4425,2775
ALLBANKS06JUL2345100PE,105595,25,25,108705,109505,50,50,2850,09:16:00,44425,12425
MAINIDX20JUL2316650PE,425,0,0,210,0,500,0,0,09:16:00,4450,0
ALLBANKS06JUL2345600PE,179640,0,0,149965,157820,50,50,0,09:16:00,44500,5650
MAINIDX27JUL2319500CE,800,4100,4100,800,805,550,1450,1681800,09:16:00,44850,82450
ALLBANKS06JUL2345400PE,160125,0,0,136280,140960,50,50,0,09:16:00,44950,12225
MAINIDX13JUL2319100CE,935,10500,10500,930,940,650,50,121650,09:16:00,44950,23900
MAINIDX13JUL2317900PE,1090,13200,13200,1080,1090,200,250,143750,09:16:00,44950,25350
ALLBANKS06JUL2343200PE,6345,294050,294050,6300,6395,325,100,422950,09:16:00,44975,27550
MAINIDX31AUG2318150CE,64295,0,0,41765,79560,400,50,0,09:16:00,450,1800
MAINIDX31AUG2318350CE,49550,0,0,40715,63404,50,50,0,09:16:00,450,2200
MAINIDX31AUG2318450CE,42930,0,0,41885,54895,50,50,0,09:16:00,450,2200
MAINIDX26DEC2417000CE,298000,0,0,290000,366015,50,50,0,09:16:00,450,50
MAINIDX27JUL2316200PE,575,0,0,360,0,750,0,0,09:16:00,4500,0
MAINIDX27JUL2313500CE,416700,0,0,464775,562695,1750,1750,0,09:16:00,4500,2750
MAINIDX27JUL2316300PE,630,0,0,365,630,750,450,0,09:16:00,4500,450
MAINIDX06JUL2316850PE,140,26550,26550,130,140,5450,6100,2300,09:16:00,45000,18200
FINANCIALS04JUL2319150CE,29580,400,400,29055,29264,40,40,9640,09:16:00,45040,10800
MAINIDX13JUL2319500CE,275,2700,2700,275,280,1150,50,52250,09:16:00,45050,11900
ALLBANKS27JUL2347000PE,304250,0,0,287135,291700,50,300,0,09:16:00,4525,3525
ALLBANKS27JUL2343100CE,115530,0,0,122409,125850,50,50,0,09:16:00,4525,4075
ALLBANKS27JUL2348000PE,402355,0,0,384825,389550,50,50,0,09:16:00,4525,4800
MAINIDX26OCT2320000CE,9500,100,100,9305,9935,100,150,244350,09:16:00,4550,1750
MAINIDX28DEC2315000PE,4525,0,0,4115,4695,100,100,0,09:16:00,4550,3600
ALLBANKS06JUL2345200PE,117370,225,225,117630,118390,25,25,2825,09:16:00,45500,14275
ALLBANKS06JUL2345300PE,142260,0,0,126590,129315,150,50,0,09:16:00,45525,11525
ALLBANKS06JUL2342900CE,119065,225,225,116765,117515,25,25,1775,09:16:00,45525,8000
MAINIDX06JUL2317350PE,180,3100,3100,175,180,350,4900,20500,09:16:00,45750,20400
ALLBANKS06JUL2340300PE,484,5275,5275,484,490,200,150,12875,09:16:00,45750,2550
ALLBANKS31AUG2344000CE,99905,765,765,99910,100680,45,75,57075,09:16:00,4590,4425
MAINIDX13JUL2317000PE,265,1500,1500,260,270,500,50,100850,09:16:00,45900,6150
MAINIDX27JUL2319750PE,109834,0,0,110000,139755,50,1750,0,09:16:00,4600,2750
MAINIDX31AUG2318650PE,29585,0,0,27085,27760,50,550,0,09:16:00,4600,3150
MAINIDX31AUG2319200CE,8785,0,0,9585,9970,100,100,0,09:16:00,4600,3500
ALLBANKS27JUL2343200CE,107340,0,0,115109,117775,50,50,0,09:16:00,4600,4175
MAINIDX27JUL2316600CE,197710,0,0,170250,220535,350,1500,0,09:16:00,4600,4650
MAINIDX27JUL2316700CE,183375,0,0,160340,210244,350,1500,0,09:16:00,4600,4650
MAINIDX27JUL2316950CE,155580,0,0,165650,186580,50,3250,0,09:16:00,4600,4900
ALLBANKS20JUL2343500PE,34100,0,0,27325,29405,50,50,0,09:16:00,4600,725
MAINIDX06JUL2319600CE,145,34100,34100,135,145,15700,19700,223700,09:16:00,460100,66650
ALLBANKS06JUL2344900PE,90320,100,100,90720,91035,125,75,6650,09:16:00,46250,17400
MAINIDX06JUL2318950PE,38705,650,650,38690,38910,900,50,5700,09:16:00,46250,29450
FINANCIALS04JUL2321600CE,75,720,720,65,75,40,1080,55320,09:16:00,46480,7480
ALLBANKS27JUL2343300CE,99990,0,0,108015,110425,50,50,0,09:16:00,4650,4475
ALLBANKS27JUL2342200CE,183085,0,0,190815,209269,50,50,0,09:16:00,4650,4650
MAINIDX31AUG2317200CE,148450,0,0,113095,170785,1750,50,0,09:16:00,4650,4650
ALLBANKS06JUL2345500PE,147725,1900,1900,146965,147845,50,225,29575,09:16:00,46500,14200
MAINIDX27JUL2318500CE,27025,73750,73750,27000,27045,450,150,1953600,09:16:00,46600,66500
ALLBANKS06JUL2344300PE,44295,60575,60575,44140,44230,25,100,171950,09:16:00,46750,18975
MAINIDX27JUL2318500PE,15025,81150,81150,14955,15010,100,300,1824450,09:16:00,46850,44900
MAINIDX27JUL2315800CE,249000,0,0,249885,304685,450,1750,0,09:16:00,4700,2750
ALLBANKS13JUL2343600CE,70435,350,350,70155,71580,150,50,4525,09:16:00,4700,3950
MAINIDX27JUL2316100CE,254665,0,0,220110,273665,450,1000,0,09:16:00,4700,4250
MAINIDX27JUL2316550CE,162295,0,0,175080,226269,450,1500,0,09:16:00,4700,4250
FINANCIALS11JUL2319500PE,24565,0,0,16445,18950,40,40,0,09:16:00,4720,1840
ALLBANKS27JUL2342600CE,153745,0,0,162270,165965,50,50,0,09:16:00,4725,2750
ALLBANKS06JUL2342800CE,129540,125,125,126275,127040,25,50,5575,09:16:00,47425,10475
MAINIDX27JUL2322000PE,339340,0,0,333635,336200,50,100,0,09:16:00,4750,2900
MAINIDX28SEP2318500CE,56000,50,50,55675,56625,100,100,52500,09:16:00,4750,3500
MAINIDX27JUL2316400CE,222200,0,0,190250,247280,500,1500,0,09:16:00,4750,4250
MAINIDX27JUL2316650CE,154145,0,0,165060,215555,500,1500,0,09:16:00,4750,4250
ALLBANKS27JUL2341500CE,252500,0,0,261675,265545,50,50,0,09:16:00,4750,5750
ALLBANKS06JUL2343000PE,4525,268825,268825,4510,4545,100,125,1246375,09:16:00,47650,51050
ALLBANKS28SEP2343000CE,190000,0,0,190505,219455,15,15,0,09:16:00,480,825
MAINIDX27JUL2315500CE,304000,0,0,307050,310730,4800,50,0,09:16:00,4800,2950
MAINIDX27JUL2315700CE,272500,0,0,260050,322770,1500,1500,0,09:16:00,4800,4250